"","X","student_school","student_grade_brunch","s_q6_date_birth","q1","q2"
"1",0,1,"4/B","11/25/05",1983,4
"2",1,1,"4/D","12/9/05",1986,8
"3",2,1,"4/A","1/1/05",1979,3
"4",3,1,"4/A","4/10/05",1972,3
"5",4,1,"4/A","9/23/05",1984,5
"6",5,1,"4/A","10/1/05",1979,3
"7",6,1,"4/A","11/14/05",1984,5
"8",7,1,"4/A","5/27/05",1979,3
"9",8,1,"4/A","3/15/05",1983,5
"10",9,1,"4/A","9/9/05",1985,5
"11",10,1,"4/A","5/2/05",1978,3
"12",11,1,"4/A","6/14/05",1974,4
"13",12,1,"4/A","1/20/05",1977,3
"14",13,1,"4/A","3/10/05",1978,5
"15",14,1,"4/A","7/1/05",1964,3
"16",15,1,"4/B","11/15/05",1979,3
"17",16,1,"4/B","3/25/05",1983,3
"18",17,1,"4/B","11/5/05",1980,3
"19",18,1,"4/B","10/19/05",1985,5
"20",19,1,"4/B","5/14/05",1985,3
"21",20,1,"4/B","3/10/05",1979,6
"22",21,1,"4/B","9/26/05",1977,3
"23",22,1,"4/B","4/20/05",1970,5
"24",23,1,"4/B","2/20/05",1983,3
"25",24,1,"4/B","3/18/05",1978,5
"26",25,1,"4/B","5/18/05",1983,4
"27",26,1,"4/B","5/31/05",1978,3
"28",27,1,"4/B","3/4/05",1978,3
"29",28,1,"4/B","1/1/05",1976,3
"30",29,1,"4/B","6/12/04",1976,5
"31",30,1,"4/B","3/14/05",1977,5
"32",31,1,"4/B","1/1/05",1980,5
"33",32,1,"4/C","5/29/05",1974,3
"34",33,1,"4/C","12/16/04",1976,3
"35",34,1,"4/C","1/1/05",1988,2
"36",35,1,"4/C","5/22/05",1984,4
"37",36,1,"4/C","10/28/05",1973,1
"38",37,1,"4/C","5/30/05",1983,4
"39",38,1,"4/C","1/16/05",1982,3
"40",39,1,"4/C","8/31/05",1977,5
"41",40,1,"4/C","5/12/05",1983,4
"42",41,1,"4/C","7/18/05",1967,3
"43",42,1,"4/C","8/30/05",1978,3
"44",43,1,"4/C","12/6/04",1981,3
"45",44,1,"4/C","5/4/05",1988,4
"46",45,1,"4/D","11/24/04",1980,3
"47",46,1,"4/D","2/14/05",1987,4
"48",47,1,"4/D","7/9/05",1979,3
"49",48,1,"4/D","9/25/05",1979,6
"50",49,1,"4/D","5/23/05",1962,5
"51",50,1,"4/D","6/9/05",1983,3
"52",52,1,"4/D","7/6/05",1982,3
"53",53,1,"4/D","10/5/05",1986,3
"54",54,1,"4/D","2/20/05",1978,5
"55",55,1,"4/D","8/10/05",1980,3
"56",56,1,"4/D","7/22/04",1981,4
"57",57,1,"4/D","1/8/05",1979,3
"58",58,1,"4/D","8/2/05",1975,3
"59",59,1,"4/D","1/4/05",1971,3
"60",60,1,"4/D","12/21/04",1977,3
"61",61,1,"4/D","2/10/05",1977,5
"62",63,1,"4/D","6/8/05",1982,7
"63",64,1,"4/B","6/23/05",1985,5
"64",65,1,"4/B","6/12/05",1978,3
"65",66,1,"4/A","1/20/05",1986,3
"66",67,1,"4/B","1/24/05",1981,4
"67",68,1,"4/A","6/13/05",1978,5
"68",69,2,"4/A","7/17/05",1979,7
"69",70,2,"4/B","6/11/04",1979,7
"70",71,2,"4/B","3/1/05",1985,3
"71",72,2,"4/B","1/1/04",1984,5
"72",73,2,"4/B","4/12/05",1979,5
"73",74,2,"4/B","6/17/05",1975,4
"74",75,2,"4/B","8/9/05",1982,3
"75",76,2,"4/A","12/3/04",1981,8
"76",77,2,"4/A","4/25/05",1985,6
"77",78,2,"4/A","4/15/05",1967,4
"78",79,2,"4/B","1/1/05",1986,5
"79",80,2,"4/A","8/16/04",1969,7
"80",81,2,"4/A","7/11/05",1984,5
"81",82,2,"4/A","4/20/05",1979,7
"82",83,2,"4/A","5/30/05",1978,7
"83",84,2,"4/A","5/15/05",1968,7
"84",85,2,"4/A","8/23/05",1974,5
"85",86,2,"4/A","4/9/05",1982,3
"86",87,2,"4/B","11/25/04",1978,3
"87",88,2,"4/B","5/7/05",1974,3
"88",89,2,"4/B","3/4/05",1987,5
"89",90,2,"4/B","8/23/05",1972,5
"90",91,2,"4/B","3/9/05",1980,3
"91",92,2,"4/B","6/3/05",1974,4
"92",93,2,"4/B","5/30/05",1974,3
"93",94,2,"4/B","6/29/05",1970,3
"94",95,2,"4/B","1/1/05",1976,5
"95",96,2,"4/B","1/15/05",1976,3
"96",97,2,"4/B","3/4/05",1970,5
"97",98,2,"4/B","12/20/04",1978,1
"98",99,2,"4/C","12/9/04",1971,5
"99",100,2,"4/C","3/14/05",1973,5
"100",101,2,"4/C","6/24/05",1984,5
"101",102,2,"4/C","1/1/05",1965,4
"102",103,2,"4/C","1/1/05",1974,6
"103",104,2,"4/C","8/21/05",1966,3
"104",105,2,"4/A","1/13/05",1971,5
"105",106,2,"4/A","12/18/04",1979,5
"106",107,2,"4/A","3/3/05",1977,5
"107",108,2,"4/A","2/11/05",1980,7
"108",109,2,"4/A","9/25/05",1972,5
"109",110,2,"4/A","1/1/05",1973,3
"110",111,2,"4/A","7/1/05",1972,5
"111",112,2,"4/A","1/1/05",1977,4
"112",113,2,"4/A","2/15/05",1979,5
"113",114,2,"4/B","1/1/04",1973,7
"114",115,2,"4/C","1/1/05",1984,5
"115",116,2,"4/C","5/5/05",1974,5
"116",117,2,"4/C","7/25/05",1975,3
"117",118,2,"4/C","1/4/05",1979,3
"118",119,2,"4/C","3/21/05",1974,7
"119",120,2,"4/C","3/28/05",1970,3
"120",121,2,"4/C","5/29/05",1986,5
"121",122,2,"4/C","1/1/05",1970,7
"122",123,2,"4/B","",1976,2
"123",124,2,"4/C","11/8/04",1969,3
"124",125,2,"4/A","5/23/05",1972,6
"125",126,2,"4/C","7/6/05",1980,3
"126",127,2,"4/C","6/25/05",1971,3
"127",128,2,"4/C","1/1/04",1970,5
"128",129,2,"4/C","7/13/05",1983,3
"129",130,2,"4/C","4/15/05",1976,5
"130",131,2,"4/A","1/1/05",1974,3
"131",132,2,"4/A","3/27/05",1975,5
"132",133,2,"4/C","7/30/05",1975,3
"133",134,2,"4/B","9/8/05",1984,5
"134",135,2,"4/A","9/1/04",1978,5
"135",136,2,"4/B","12/20/04",1978,5
"136",137,3,"4/A","9/6/05",1977,7
"137",138,3,"4/A","3/26/05",1976,7
"138",139,3,"4/A","4/13/05",1986,5
"139",140,3,"4/A","6/17/05",1964,5
"140",143,3,"4/A","6/4/05",1983,4
"141",144,3,"4/B","4/14/05",1972,2
"142",145,3,"4/A","",1979,3
"143",146,3,"4/A","11/1/04",1969,6
"144",147,3,"4/A","4/19/05",1972,7
"145",148,3,"4/B","8/16/05",1980,5
"146",149,3,"4/B","1/1/05",1977,5
"147",150,3,"4/A","12/25/05",1979,4
"148",151,3,"4/B","8/15/05",1981,4
"149",152,3,"4/B","1/13/05",1979,3
"150",153,3,"4/B","12/5/05",1976,3
"151",154,3,"4/B","4/22/05",1977,5
"152",155,3,"4/B","8/8/05",1983,4
"153",156,3,"4/B","10/2/05",1986,5
"154",157,3,"4/B","3/15/05",1974,3
"155",158,3,"4/B","4/19/05",1978,5
"156",160,3,"4/B","1/3/06",1986,4
"157",161,3,"4/B","12/14/05",1981,3
"158",162,3,"4/B","1/2/05",1986,4
"159",163,3,"4/B","6/8/05",1977,7
"160",164,3,"4/B","11/1/05",1987,5
"161",165,3,"4/B","2/7/05",1981,2
"162",166,3,"4/B","",1981,5
"163",167,3,"4/A","6/9/05",1969,3
"164",168,3,"4/A","5/15/05",1972,3
"165",169,3,"4/A","4/11/05",1978,7
"166",170,3,"4/B","6/10/05",1977,8
"167",171,5,"4/B","6/16/05",1979,3
"168",172,5,"4/D","1/1/05",1982,5
"169",173,5,"4/B","10/19/05",1981,4
"170",174,5,"4/B","3/11/05",1963,4
"171",175,5,"4/B","6/30/05",1981,4
"172",177,5,"4/B","1/1/05",1972,3
"173",178,5,"4/A","10/16/05",1983,3
"174",179,5,"4/B","9/16/05",1979,5
"175",180,5,"4/B","4/28/05",1988,2
"176",181,5,"4/B","1/1/05",1982,5
"177",182,5,"4/B","4/2/05",1975,4
"178",183,5,"4/B","3/25/05",1977,6
"179",184,5,"4/B","10/10/04",1971,3
"180",185,5,"4/B","10/8/04",1979,7
"181",186,5,"4/B","3/16/05",1980,5
"182",187,5,"4/A","1/1/05",1985,3
"183",188,5,"4/A","4/26/05",1981,5
"184",189,5,"4/B","9/14/05",1965,3
"185",190,5,"4/F","1/1/07",1976,3
"186",191,5,"4/D","9/7/05",1978,2
"187",192,5,"4/B","5/5/05",1983,4
"188",193,5,"4/A","3/1/05",1979,5
"189",194,5,"4/A","8/12/05",1985,5
"190",195,5,"4/D","9/23/05",1974,5
"191",196,5,"4/E","3/25/05",1975,6
"192",197,5,"4/D","2/18/05",1987,3
"193",198,5,"4/D","1/1/05",1984,7
"194",199,5,"4/E","2/23/05",1978,4
"195",201,5,"4/F","8/5/05",1982,5
"196",202,5,"4/F","4/2/05",1975,3
"197",203,5,"4/F","1/1/05",1980,5
"198",204,5,"4/F","1/16/05",1976,7
"199",205,5,"4/F","7/12/05",1974,4
"200",206,5,"4/F","6/12/05",1986,3
"201",207,5,"4/F","10/15/05",1973,7
"202",208,5,"4/F","3/4/05",1972,3
"203",209,5,"4/F","11/13/05",1981,5
"204",210,5,"4/F","11/9/05",1981,5
"205",211,5,"4/F","7/23/05",1983,6
"206",212,5,"4/F","8/2/05",1981,4
"207",213,5,"4/F","1/1/05",1967,7
"208",214,5,"4/F","4/28/05",1984,4
"209",215,5,"4/F","8/2/05",1974,3
"210",216,5,"4/F","10/18/05",1978,7
"211",217,5,"4/D","8/25/05",1977,7
"212",218,5,"4/F","8/29/05",1971,3
"213",219,5,"4/F","8/18/05",1980,4
"214",220,5,"4/F","9/17/04",1977,5
"215",221,5,"4/F","1/14/05",1976,5
"216",222,5,"4/F","2/26/05",1973,5
"217",223,5,"4/D","",1981,3
"218",224,5,"4/E","9/1/05",1985,4
"219",225,5,"4/E","4/25/05",1982,5
"220",226,5,"4/D","6/13/05",1980,5
"221",227,5,"4/E","4/19/05",1983,3
"222",228,5,"4/D","5/7/05",1978,4
"223",229,5,"4/E","",1968,5
"224",230,5,"4/E","1/23/05",1970,4
"225",231,5,"4/E","1/20/05",1981,5
"226",232,5,"4/E","1/1/05",1972,5
"227",233,5,"4/E","1/28/05",1981,5
"228",234,5,"4/E","2/8/05",1982,3
"229",235,5,"4/D","4/1/05",1974,3
"230",236,5,"4/E","8/26/05",1976,3
"231",238,6,"4/C","1/12/05",1970,7
"232",239,6,"4/A","1/1/05",1976,5
"233",240,6,"4/C","11/17/05",1974,7
"234",241,6,"4/C","1/1/05",1976,7
"235",242,6,"4/B","4/26/05",1973,7
"236",243,6,"4/C","1/18/05",1969,7
"237",244,6,"4/B","11/21/05",1977,3
"238",245,6,"4/C","1/1/05",1982,8
"239",246,6,"4/B","3/18/05",1977,3
"240",247,6,"4/A","7/1/05",1975,6
"241",248,6,"4/A","11/15/05",1977,8
"242",249,6,"4/A","10/28/05",1980,8
"243",250,6,"4/C","12/5/05",1977,5
"244",251,6,"4/C","5/21/05",1979,4
"245",252,6,"4/A","9/30/05",1973,8
"246",253,6,"4/A","1/1/04",1978,6
"247",254,6,"4/A","12/16/05",1974,6
"248",255,6,"4/A","1/1/05",1971,5
"249",256,6,"4/A","1/26/05",1977,8
"250",257,6,"4/C","2/4/05",1980,5
"251",258,6,"4/A","6/11/05",1985,5
"252",259,6,"4/B","8/4/05",1980,3
"253",260,6,"4/B","8/31/05",1966,7
"254",261,6,"4/A","1/1/05",1980,5
"255",262,6,"4/C","1/1/05",1972,5
"256",263,6,"4/A","3/26/05",1981,5
"257",264,6,"4/B","4/23/05",1966,7
"258",265,6,"4/B","1/5/05",1975,7
"259",266,6,"4/C","",1976,5
"260",267,6,"4/A","4/5/04",1976,7
"261",268,6,"4/A","5/22/05",1980,5
"262",269,6,"4/A","12/4/05",1977,7
"263",270,6,"4/A","5/12/05",1970,7
"264",271,6,"4/A","8/4/05",1972,7
"265",272,7,"4/B","5/3/05",1975,3
"266",273,7,"4/A","6/8/05",1967,3
"267",274,7,"4/A","6/13/05",1979,3
"268",275,7,"4/B","7/4/05",1979,3
"269",276,7,"4/A","1/1/05",1969,2
"270",277,7,"4/A","6/11/05",1980,5
"271",278,7,"4/A","1/5/05",1969,3
"272",279,7,"4/D","1/1/05",1975,4
"273",280,7,"4/A","",1981,5
"274",281,7,"4/A","12/10/04",1977,3
"275",282,7,"4/B","2/10/05",1982,4
"276",283,7,"4/A","5/12/05",1982,5
"277",284,7,"4/B","1/13/05",1983,5
"278",285,7,"4/B","1/11/05",1982,2
"279",286,7,"4/B","4/20/05",1979,3
"280",287,7,"4/B","11/23/05",1977,3
"281",288,7,"4/B","1/10/05",1982,3
"282",289,7,"4/F","3/14/05",1985,5
"283",290,7,"4/A","12/17/04",1973,4
"284",291,7,"4/F","5/10/05",1977,5
"285",292,7,"4/D","3/25/05",1979,3
"286",293,7,"4/E","3/19/05",1970,3
"287",294,7,"4/B","1/1/05",1984,3
"288",295,7,"4/E","11/21/05",1975,3
"289",296,7,"4/D","1/1/05",1977,3
"290",297,7,"4/D","9/14/05",1968,3
"291",298,7,"4/E","4/12/05",1976,5
"292",299,7,"4/B","1/2/05",1979,2
"293",300,7,"4/B","5/26/05",1975,3
"294",301,7,"4/E","4/19/05",1982,4
"295",302,7,"4/B","6/15/05",1979,5
"296",303,7,"4/B","8/5/05",1980,4
"297",304,7,"4/A","6/1/05",1978,5
"298",306,7,"4/D","11/11/04",1970,3
"299",307,7,"4/A","11/21/05",1977,3
"300",308,7,"4/E","1/1/05",1982,3
"301",309,7,"4/A","11/7/05",1988,3
"302",310,7,"4/D","6/26/05",1969,4
"303",311,7,"4/D","3/23/05",1984,3
"304",312,7,"4/B","3/5/05",1985,3
"305",313,7,"4/B","1/1/05",1981,3
"306",314,7,"4/B","9/13/05",1981,3
"307",315,7,"4/F","6/23/06",1977,3
"308",316,7,"4/E","1/1/05",1972,7
"309",317,7,"4/D","1/6/05",1964,3
"310",318,7,"4/E","",1982,4
"311",319,7,"4/A","7/27/05",1982,5
"312",320,7,"4/E","1/1/04",1980,3
"313",321,7,"4/A","5/20/05",1979,3
"314",322,7,"4/E","11/10/04",1982,4
"315",324,7,"4/D","5/21/05",1984,1
"316",325,7,"4/E","6/12/05",1983,1
"317",326,7,"4/B","8/16/05",1970,3
"318",327,7,"4/B","7/10/05",1976,4
"319",328,7,"4/E","3/25/05",1982,3
"320",329,7,"4/F","10/11/05",1975,3
"321",330,7,"4/E","4/22/05",1972,3
"322",331,7,"4/F","12/20/05",1979,3
"323",332,7,"4/E","8/18/05",1982,4
"324",333,7,"4/E","3/3/05",1981,1
"325",334,7,"4/F","4/1/05",1982,8
"326",335,7,"4/B","1/1/05",1976,1
"327",336,7,"4/E","",1979,4
"328",337,7,"4/D","7/17/05",1989,3
"329",338,7,"4/F","12/4/05",1974,5
"330",339,7,"4/D","1/13/05",1984,2
"331",340,7,"4/F","11/30/05",1979,5
"332",341,7,"4/F","3/23/05",1983,5
"333",342,7,"4/F","11/14/04",1978,5
"334",343,7,"4/F","1/31/05",1974,3
"335",344,7,"4/F","7/22/05",1985,5
"336",345,7,"4/F","1/9/05",1974,3
"337",346,7,"4/F","3/14/05",1981,3
"338",347,7,"4/F","7/22/05",1982,3
"339",348,7,"4/B","11/29/05",1984,4
"340",349,7,"4/E","1/1/05",1969,5
"341",350,7,"4/F","8/14/05",1986,5
"342",351,7,"4/F","5/28/04",1977,3
"343",352,7,"4/A","11/24/05",1977,5
"344",353,7,"4/A","6/6/05",1967,3
"345",354,7,"4/A","1/21/05",1986,4
"346",355,7,"4/D","4/27/05",1977,3
"347",356,9,"4/A","6/19/05",1981,4
"348",357,9,"4/A","5/6/05",1970,3
"349",358,9,"4/A","11/1/04",1966,3
"350",359,9,"4/A","8/17/05",1979,3
"351",360,9,"4/A","8/23/05",1977,5
"352",361,9,"4/A","2/22/05",1977,3
"353",362,9,"4/A","8/9/05",1983,5
"354",363,9,"4/A","",1981,5
"355",364,9,"4/A","9/17/05",1983,4
"356",365,9,"4/A","5/28/05",1980,3
"357",366,9,"4/A","2/1/05",1977,3
"358",367,9,"4/B","3/14/05",1984,5
"359",368,9,"4/A","6/13/05",1976,3
"360",369,9,"4/B","1/1/05",1986,3
"361",370,9,"4/D","1/24/05",1976,4
"362",371,9,"4/C","10/14/05",1985,3
"363",372,9,"4/C","8/13/05",1986,3
"364",373,9,"4/B","1/1/05",1986,4
"365",374,9,"4/A","5/24/05",1987,4
"366",375,9,"4/C","5/18/05",1971,3
"367",376,9,"4/A","1/12/05",1981,6
"368",377,9,"4/A","2/9/05",1981,3
"369",379,9,"4/A","7/17/04",1967,5
"370",380,9,"4/A","9/22/05",1974,3
"371",381,9,"4/B","12/26/05",1974,5
"372",382,9,"4/A","6/20/05",1975,4
"373",383,9,"4/A","4/9/05",1958,1
"374",384,9,"4/A","7/18/05",1979,3
"375",385,9,"4/B","1/1/05",1983,4
"376",386,9,"4/A","7/1/05",1973,8
"377",387,9,"4/C","4/16/05",1950,1
"378",389,9,"4/C","7/3/05",1978,3
"379",390,10,"4/A","3/16/05",1979,5
"380",391,10,"4/C","11/18/04",1977,5
"381",392,10,"4/B","4/7/05",1972,5
"382",393,10,"4/B","2/17/05",1980,5
"383",394,10,"4/B","6/7/05",1981,5
"384",395,10,"4/A","7/15/05",1982,5
"385",396,10,"4/C","2/17/05",1974,3
"386",397,10,"4/C","4/28/05",1979,5
"387",398,10,"4/B","",1983,5
"388",399,10,"4/B","2/24/05",1978,5
"389",400,10,"4/A","1/1/04",1979,5
"390",401,10,"4/B","1/2/06",1983,4
"391",402,10,"4/A","11/13/05",1979,4
"392",403,10,"4/A","7/3/04",1979,5
"393",404,10,"4/B","8/9/05",1980,4
"394",405,10,"4/B","2/27/04",1973,3
"395",406,10,"4/C","5/17/05",1970,5
"396",407,10,"4/C","5/21/05",1970,2
"397",408,10,"4/C","6/2/05",1975,7
"398",409,10,"4/C","4/1/05",1984,3
"399",410,10,"4/C","8/8/05",1963,4
"400",411,10,"4/C","7/14/05",1980,3
"401",412,10,"4/C","2/24/05",1984,5
"402",414,10,"4/C","6/4/05",1966,6
"403",416,10,"4/C","4/5/05",1986,3
"404",417,10,"4/C","4/18/05",1984,5
"405",418,10,"4/C","7/14/05",1983,3
"406",419,10,"4/D","5/18/05",1975,4
"407",420,10,"4/D","",1982,3
"408",421,10,"4/C","6/14/05",1974,5
"409",422,10,"4/C","3/7/05",1977,3
"410",423,10,"4/A","5/7/05",1984,3
"411",424,10,"4/D","7/26/05",1972,7
"412",425,10,"4/D","9/1/05",1978,3
"413",426,10,"4/D","",1982,5
"414",427,10,"4/D","1/22/05",1982,3
"415",428,10,"4/D","8/21/04",1969,3
"416",429,10,"4/D","5/4/05",1983,3
"417",430,10,"4/D","11/4/04",1980,3
"418",431,10,"4/D","10/29/05",1982,4
"419",432,10,"4/C","1/27/05",1972,3
"420",433,10,"4/D","9/3/05",1985,5
"421",434,10,"4/D","10/15/05",1983,2
"422",435,10,"4/D","2/15/05",1986,3
"423",436,10,"4/D","4/7/05",1987,4
"424",437,10,"4/D","5/23/05",1974,5
"425",438,10,"4/C","7/2/05",1987,5
"426",439,10,"4/B","8/15/05",1965,3
"427",440,10,"4/C","1/19/05",1986,3
"428",441,10,"4/A","5/7/05",1982,3
"429",442,10,"4/C","12/22/04",1975,3
"430",444,10,"4/B","1/20/05",1981,6
"431",445,10,"4/D","2/17/05",1976,3
"432",446,10,"4/D","3/15/05",1977,3
"433",447,10,"4/A","5/31/05",1974,5
"434",448,10,"4/D","1/9/05",1976,3
"435",449,10,"4/D","10/30/05",1982,3
"436",450,10,"4/B","7/1/05",1962,7
"437",451,10,"4/B","3/30/05",1979,4
"438",452,10,"4/D","3/24/05",1977,3
"439",453,10,"4/D","3/11/05",1984,5
"440",454,10,"4/D","8/11/05",1984,4
"441",455,10,"4/B","9/29/05",1981,3
"442",456,10,"4/A","9/18/05",1974,3
"443",457,10,"4/D","9/5/05",1987,4
"444",458,10,"4/B","7/17/05",1977,7
"445",459,10,"4/A","8/15/05",1969,7
"446",460,10,"4/C","3/11/05",1969,7
"447",461,10,"4/D","4/14/05",1979,5
"448",462,10,"4/D","2/3/05",1986,3
"449",463,10,"4/C","1/1/05",1978,5
"450",464,10,"4/B","1/4/05",1978,8
"451",465,10,"4/B","6/29/05",1980,3
"452",466,10,"4/B","2/19/05",1976,3
"453",467,10,"4/C","",1980,3
"454",468,10,"4/B","12/15/04",1975,3
"455",469,10,"4/D","1/1/05",1979,5
"456",470,10,"4/A","5/22/05",1974,3
"457",471,10,"4/A","4/28/04",1977,5
"458",472,10,"4/D","10/4/05",1985,3
"459",473,10,"4/D","5/29/05",1974,1
"460",474,10,"4/A","10/2/05",1984,6
"461",475,10,"4/D","1/1/04",1977,3
"462",476,10,"4/A","8/14/05",1976,5
"463",477,10,"4/A","9/8/04",1984,4
"464",478,10,"4/A","9/30/05",1983,4
"465",479,10,"4/D","8/31/05",1977,3
"466",480,10,"4/A","3/1/05",1979,3
"467",481,10,"4/A","2/12/05",1982,5
"468",482,10,"4/A","8/24/05",1979,5
"469",483,11,"4/M","",1980,5
"470",484,11,"4/D","7/19/05",1979,5
"471",485,11,"4/D","11/18/05",1983,3
"472",486,11,"4/D","4/29/05",1976,3
"473",487,11,"4/D","8/5/05",1981,3
"474",488,11,"4/D","",1984,3
"475",489,11,"4/D","4/27/05",1982,3
"476",490,11,"4/E","1/1/05",1973,3
"477",491,11,"4/E","7/14/05",1982,4
"478",492,11,"4/B","2/23/05",1982,5
"479",493,11,"4/E","5/29/05",1985,3
"480",495,11,"4/E","11/9/05",1982,5
"481",496,11,"4/E","4/6/04",1983,5
"482",497,11,"4/M","10/19/05",1980,3
"483",498,11,"4/E","5/29/05",1986,5
"484",499,11,"4/E","10/9/05",1980,5
"485",500,11,"4/H","4/29/04",1982,5
"486",501,11,"4/E","8/6/05",1975,4
"487",502,11,"4/H","10/13/05",1981,3
"488",503,11,"4/H","6/6/05",1985,3
"489",504,11,"4/H","2/19/05",1981,4
"490",505,11,"4/H","4/8/05",1979,5
"491",506,11,"4/H","11/1/05",1985,3
"492",507,11,"4/H","9/1/05",1982,3
"493",508,11,"4/H","11/15/05",1984,3
"494",509,11,"4/H","9/20/05",1987,4
"495",510,11,"4/H","1/1/05",1988,4
"496",512,11,"4/B","4/1/05",1979,5
"497",513,11,"4/B","10/2/05",1979,5
"498",514,11,"4/C","3/12/05",1986,3
"499",515,11,"4/B","4/1/05",1982,5
"500",516,11,"4/E","3/6/05",1971,5
"501",517,11,"4/L","9/9/05",1978,3
"502",518,11,"4/C","8/9/05",1974,3
"503",519,11,"4/C","9/5/05",1974,3
"504",520,11,"4/B","6/15/05",1980,4
"505",521,11,"4/B","1/1/05",1982,5
"506",522,11,"4/B","6/21/05",1987,4
"507",523,11,"4/M","6/9/05",1980,4
"508",524,11,"4/H","7/20/05",1986,3
"509",525,11,"4/D","6/15/05",1985,3
"510",526,11,"4/B","9/1/05",1985,3
"511",527,11,"4/B","1/1/05",1972,5
"512",528,11,"4/D","3/22/05",1984,5
"513",529,11,"4/M","10/24/05",1988,3
"514",530,11,"4/B","7/28/05",1981,3
"515",531,11,"4/E","",1984,3
"516",532,11,"4/B","1/24/05",1984,4
"517",533,11,"4/B","11/1/05",1967,1
"518",534,11,"4/B","5/11/05",1950,2
"519",535,11,"4/L","5/30/05",1984,5
"520",536,11,"4/B","1/17/05",1972,2
"521",537,11,"4/B","7/26/04",1987,3
"522",538,11,"4/B","9/28/05",1983,3
"523",539,11,"4/B","3/5/05",1975,7
"524",540,11,"4/L","7/25/05",1988,4
"525",541,11,"4/B","2/10/05",1982,4
"526",542,11,"4/C","3/29/05",1976,5
"527",543,11,"4/L","6/26/05",1979,3
"528",544,11,"4/M","6/17/05",1984,2
"529",545,11,"4/D","4/18/05",1983,5
"530",546,11,"4/C","5/27/05",1981,3
"531",547,11,"4/C","1/1/05",1978,4
"532",548,11,"4/C","7/12/05",1981,5
"533",549,11,"4/C","8/16/05",1975,4
"534",550,11,"4/C","4/10/05",1979,3
"535",551,11,"4/C","7/6/05",1966,3
"536",552,11,"4/M","8/31/05",1984,4
"537",553,11,"4/C","7/5/05",1983,4
"538",554,11,"4/C","6/6/05",1975,3
"539",555,11,"4/C","1/1/05",1980,2
"540",556,11,"4/C","7/25/05",1968,1
"541",557,11,"4/B","6/1/05",1979,3
"542",558,11,"4/M","1/1/04",1986,4
"543",559,11,"4/C","11/21/04",1985,3
"544",560,11,"4/B","6/12/05",1986,4
"545",561,11,"4/D","4/11/05",1984,3
"546",562,11,"","7/8/05",1978,7
"547",563,12,"4/C","6/20/05",1973,3
"548",564,12,"4/B","11/21/04",1970,3
"549",565,12,"4/A","11/2/05",1986,3
"550",566,12,"4/A","1/1/05",1977,5
"551",568,12,"4/C","4/19/05",1980,7
"552",569,12,"4/B","1/1/05",1977,5
"553",570,12,"4/C","6/3/05",1980,3
"554",571,12,"4/B","3/25/05",1987,7
"555",572,12,"4/C","2/21/05",1977,3
"556",573,12,"4/B","6/17/05",1985,3
"557",574,12,"4/A","9/25/05",1975,3
"558",575,12,"4/A","11/6/05",1972,4
"559",576,12,"4/B","11/9/04",1981,3
"560",577,12,"4/B","1/1/03",1979,4
"561",578,12,"4/C","2/1/05",1988,4
"562",579,12,"4/A","4/10/05",1980,4
"563",580,12,"4/A","1/28/05",1984,4
"564",581,12,"4/B","9/2/05",1967,1
"565",582,12,"4/C","1/1/05",1978,3
"566",583,12,"4/C","7/25/05",1980,3
"567",584,12,"4/A","3/1/05",1979,3
"568",585,12,"4/A","5/3/05",1983,5
"569",586,12,"4/C","4/12/05",1985,3
"570",587,12,"4/C","5/25/05",1973,4
"571",588,12,"4/A","1/1/05",1983,3
"572",589,12,"4/B","1/1/05",1972,5
"573",590,12,"4/C","11/7/05",1977,4
"574",591,12,"4/B","",1981,3
"575",592,12,"4/C","3/23/05",1979,3
"576",593,12,"4/C","6/5/05",1985,3
"577",594,12,"4/B","7/22/05",1978,3
"578",595,12,"4/B","4/25/05",1985,3
"579",596,12,"4/C","1/1/05",1981,3
"580",597,12,"4/C","8/17/05",1987,5
"581",598,12,"4/B","10/4/05",1989,4
"582",599,12,"4/C","9/1/05",1979,3
"583",600,12,"4/B","4/19/05",1983,5
"584",601,12,"4/B","1/4/05",1972,5
"585",602,12,"4/B","3/5/05",1972,5
"586",603,12,"4/B","4/2/05",1984,3
"587",604,12,"4/B","4/18/05",1977,6
"588",605,12,"4/B","11/24/05",1977,6
"589",606,12,"4/B","7/22/05",1983,3
"590",607,12,"4/B","6/4/05",1972,3
"591",608,12,"4/C","1/25/05",1985,2
"592",609,12,"4/B","7/8/05",1976,7
"593",610,12,"4/C","6/15/05",1980,3
"594",611,12,"4/C","1/11/05",1970,3
"595",612,12,"4/B","4/27/05",1987,7
"596",613,12,"4/C","2/4/05",1983,6
"597",614,12,"4/C","4/20/05",1971,2
"598",615,12,"4/A","5/17/05",1977,3
"599",616,12,"4/C","6/22/05",1981,3
"600",617,12,"4/A","7/22/05",1974,3
"601",618,12,"4/A","3/15/05",1983,5
"602",619,12,"4/B","2/9/05",1983,3
"603",620,12,"4/C","2/28/05",1979,1
"604",621,12,"4/A","12/7/05",1984,5
"605",622,12,"4/A","1/1/05",1975,3
"606",623,12,"4/A","2/19/05",1968,4
"607",624,12,"4/A","11/29/05",1974,4
"608",626,12,"4/A","5/2/05",1986,4
"609",627,12,"4/A","9/7/05",1984,3
"610",628,12,"4/A","7/26/05",1986,2
"611",629,12,"4/A","12/30/04",1972,3
"612",630,12,"4/A","6/11/05",1984,3
"613",631,12,"4/A","1/1/05",1985,5
"614",632,12,"4/B","",1967,1
"615",633,12,"4/C","2/1/05",1978,5
"616",634,12,"4/B","8/2/05",1978,4
"617",635,12,"4/C","6/5/05",1983,5
"618",636,13,"4/B","1/1/05",1977,3
"619",637,13,"4/A","",1978,5
"620",638,13,"4/B","9/8/04",1973,7
"621",639,13,"4/B","3/8/05",1979,3
"622",640,13,"4/A","2/18/05",1978,6
"623",641,13,"4/A","6/25/05",1975,7
"624",642,13,"4/A","4/14/05",1971,5
"625",643,13,"4/A","7/10/05",1975,7
"626",644,13,"4/A","1/1/05",1970,7
"627",645,13,"4/B","1/1/05",1984,5
"628",646,13,"4/B","2/14/05",1970,5
"629",647,13,"4/A","3/10/05",1974,7
"630",648,13,"4/A","2/3/05",1976,7
"631",649,13,"4/A","6/27/05",1976,7
"632",650,13,"4/A","6/29/05",1984,5
"633",651,13,"4/B","12/13/04",1985,6
"634",652,14,"4/C","1/1/05",1976,4
"635",653,14,"4/B","11/25/04",1976,5
"636",654,14,"4/B","2/18/05",1972,4
"637",655,14,"4/D","11/1/05",1979,7
"638",656,14,"4/A","10/7/05",1981,4
"639",657,14,"4/B","11/8/05",1980,5
"640",658,14,"4/A","11/9/05",1979,5
"641",659,14,"4/A","5/23/05",1980,6
"642",660,14,"4/B","1/1/05",1975,5
"643",661,14,"4/A","2/9/04",1980,4
"644",662,14,"4/A","7/13/05",1980,5
"645",663,14,"4/A","9/13/05",1968,7
"646",664,14,"4/A","3/30/05",1974,7
"647",665,14,"4/A","10/16/05",1971,7
"648",666,14,"4/D","1/1/05",1970,5
"649",667,14,"4/B","7/31/05",1976,3
"650",668,14,"4/A","6/14/05",1971,7
"651",669,14,"4/A","5/20/05",1976,5
"652",670,14,"4/A","5/11/05",1970,5
"653",671,14,"4/B","8/31/05",1978,5
"654",672,14,"4/A","8/23/05",1968,7
"655",673,14,"4/C","5/11/05",1974,3
"656",674,14,"4/D","7/4/05",1976,7
"657",675,14,"4/B","11/24/04",1989,4
"658",676,14,"4/B","9/8/05",1980,4
"659",677,14,"4/B","12/3/05",1979,5
"660",678,14,"4/B","11/23/05",1966,5
"661",679,14,"4/A","3/11/05",1976,5
"662",680,14,"4/C","5/27/05",1983,5
"663",681,14,"4/B","11/9/05",1976,6
"664",682,14,"4/B","3/8/05",1983,3
"665",683,14,"4/B","11/23/05",1973,5
"666",684,14,"4/A","1/16/05",1975,7
"667",685,14,"4/D","1/4/05",1978,4
"668",686,14,"4/D","11/24/05",1987,6
"669",688,14,"4/A","9/10/05",1968,6
"670",689,14,"4/D","9/11/05",1972,5
"671",690,14,"4/D","4/9/04",1978,3
"672",691,14,"4/D","6/1/05",1986,3
"673",692,14,"4/D","10/18/05",1975,5
"674",693,14,"4/D","3/2/05",1982,5
"675",694,14,"4/D","12/27/04",1973,7
"676",695,14,"4/D","11/17/05",1973,7
"677",696,14,"4/B","8/18/05",1979,5
"678",697,14,"4/D","5/25/05",1968,4
"679",698,14,"4/D","1/1/05",1976,5
"680",699,14,"4/D","7/1/05",1985,3
"681",700,14,"4/D","6/13/05",1980,4
"682",701,14,"4/A","1/18/05",1980,5
"683",702,14,"4/C","11/1/05",1976,5
"684",704,14,"4/C","9/1/05",1970,7
"685",705,14,"4/C","10/2/05",1975,4
"686",706,14,"4/C","5/15/04",1983,7
"687",707,14,"4/C","1/24/05",1974,3
"688",708,14,"4/C","1/1/05",1981,4
"689",709,14,"4/C","",1983,5
"690",710,14,"4/C","5/7/05",1978,7
"691",711,14,"4/C","7/15/05",1975,3
"692",712,14,"4/C","7/24/05",1975,3
"693",713,14,"4/C","5/22/05",1975,7
"694",714,14,"4/C","7/15/05",1975,5
"695",715,14,"4/C","8/7/05",1976,3
"696",716,14,"4/A","4/18/05",1970,6
"697",717,14,"4/C","2/23/05",1978,7
"698",718,14,"4/D","1/9/05",1981,5
"699",719,14,"4/B","3/6/05",1982,5
"700",720,14,"4/B","8/3/05",1968,7
"701",721,14,"4/C","8/23/05",1974,5
"702",722,14,"4/A","3/16/05",1970,6
"703",723,14,"4/A","9/6/05",1969,5
"704",724,14,"4/D","11/11/05",1977,6
"705",725,14,"4/C","4/29/05",1974,5
"706",726,14,"4/A","1/1/05",1972,5
"707",727,14,"4/D","6/14/05",1980,7
"708",728,14,"4/B","8/26/05",1977,6
"709",730,14,"4/A","5/28/05",1982,5
"710",731,14,"4/D","6/21/05",1977,5
"711",732,14,"4/B","10/8/04",1979,7
"712",733,14,"4/B","10/11/05",1979,3
"713",734,14,"4/A","6/16/05",1981,5
"714",735,14,"4/A","10/20/04",1965,7
"715",736,14,"4/D","12/4/04",1972,5
"716",737,14,"4/D","1/1/05",1979,6
"717",738,15,"4/F","7/27/05",1981,3
"718",739,15,"4/D","5/19/05",1986,3
"719",740,15,"4/D","11/12/05",1986,3
"720",741,15,"4/F","6/20/05",1974,5
"721",742,15,"4/F","10/30/04",1980,3
"722",743,15,"4/D","3/10/05",1985,4
"723",744,15,"4/D","6/3/05",1981,3
"724",745,15,"4/A","8/25/05",1988,4
"725",746,15,"4/A","8/13/04",1986,2
"726",747,15,"4/D","8/9/05",1981,2
"727",748,15,"4/F","1/28/05",1981,5
"728",749,15,"4/F","1/16/05",1982,3
"729",750,15,"4/F","2/19/05",1978,3
"730",751,15,"4/D","5/5/05",1985,3
"731",752,15,"4/A","11/26/05",1981,3
"732",753,15,"4/D","11/3/05",1979,5
"733",754,15,"4/F","6/1/05",1975,2
"734",755,15,"4/F","1/5/05",1980,4
"735",756,15,"4/F","6/6/05",1979,3
"736",757,15,"4/F","4/15/05",1982,3
"737",758,15,"4/F","1/1/04",1975,3
"738",759,15,"4/F","2/14/05",1982,4
"739",760,15,"4/F","5/9/05",1984,3
"740",761,15,"4/F","1/1/05",1979,3
"741",763,15,"4/D","9/29/05",1970,3
"742",764,15,"4/C","7/13/04",1985,3
"743",765,15,"4/D","4/13/05",1985,3
"744",766,15,"4/F","4/1/05",1983,5
"745",767,15,"4/A","10/22/05",1986,4
"746",768,15,"4/D","1/29/05",1977,3
"747",769,15,"4/F","6/10/05",1981,4
"748",770,15,"4/C","7/12/05",1981,5
"749",771,15,"4/C","1/1/05",1979,5
"750",772,15,"4/C","3/3/05",1977,7
"751",773,15,"4/F","4/29/05",1979,3
"752",774,15,"4/A","9/30/05",1986,3
"753",775,15,"4/A","10/3/05",1980,3
"754",776,15,"4/D","2/7/05",1985,3
"755",777,15,"4/A","1/24/05",1984,3
"756",778,15,"4/A","1/1/04",1983,4
"757",779,15,"4/C","5/9/05",1985,3
"758",780,15,"4/F","9/18/05",1977,5
"759",781,15,"4/F","6/11/05",1988,3
"760",782,15,"4/D","3/3/05",1984,5
"761",783,15,"4/D","1/1/05",1985,7
"762",784,15,"4/F","9/7/05",1976,3
"763",785,15,"4/C","12/24/05",1971,3
"764",786,15,"4/C","9/10/05",1972,1
"765",787,15,"4/C","11/9/04",1976,3
"766",788,15,"4/C","6/14/05",1981,3
"767",789,15,"4/C","4/17/05",1983,5
"768",790,16,"4/A","1/3/05",1979,5
"769",791,16,"4/B","3/26/05",1982,3
"770",792,16,"4/D","10/14/05",1985,4
"771",793,16,"4/A","1/14/05",1988,4
"772",794,16,"4/A","7/27/05",1978,2
"773",795,16,"4/A","1/1/05",1976,3
"774",796,16,"4/D","1/1/05",1965,1
"775",797,16,"4/B","6/3/05",1983,6
"776",798,16,"4/B","",1982,3
"777",799,16,"4/B","11/25/05",1970,3
"778",800,16,"4/B","5/12/05",1979,2
"779",801,16,"4/B","6/23/05",1986,4
"780",802,16,"4/A","10/25/05",1985,4
"781",804,16,"4/D","11/21/05",1978,1
"782",805,16,"4/D","8/5/05",1986,3
"783",806,16,"4/D","10/27/04",1983,3
"784",807,16,"4/D","8/1/05",1977,1
"785",808,16,"4/D","6/6/05",1977,3
"786",809,16,"4/D","4/20/05",1978,1
"787",810,16,"4/D","11/15/05",1978,3
"788",811,16,"4/D","1/15/05",1984,2
"789",812,16,"4/E","9/19/05",1989,4
"790",813,16,"4/F","2/8/05",1984,3
"791",814,16,"4/E","7/30/05",1984,3
"792",815,16,"4/F","9/23/05",1981,3
"793",816,16,"4/E","1/28/04",1978,3
"794",817,16,"4/C","2/22/05",1970,3
"795",818,16,"4/E","10/12/05",1978,5
"796",819,16,"4/F","5/18/05",1972,3
"797",820,16,"4/F","7/1/05",1988,1
"798",821,16,"4/E","5/9/05",1976,2
"799",822,16,"4/A","6/15/05",1973,3
"800",823,16,"4/F","6/22/05",1980,3
"801",824,16,"4/E","6/20/05",1969,4
"802",825,16,"4/F","8/27/04",1978,3
"803",826,16,"4/E","3/18/05",1978,3
"804",827,16,"4/E","6/23/05",1980,4
"805",828,16,"4/F","5/30/05",1968,3
"806",829,16,"4/F","4/1/05",1985,3
"807",830,16,"4/F","4/8/05",1982,3
"808",831,16,"4/E","5/5/05",1978,3
"809",832,16,"4/F","5/25/05",1986,3
"810",833,16,"4/F","2/17/05",1985,1
"811",834,16,"4/C","9/11/05",1963,3
"812",835,17,"4/A","8/26/05",1976,6
"813",836,17,"4/A","6/12/05",1977,5
"814",837,17,"4/C","1/29/05",1982,5
"815",838,17,"4/C","2/16/05",1966,4
"816",839,17,"4/B","8/9/05",1973,3
"817",840,17,"4/A","1/1/05",1985,5
"818",841,17,"4/B","6/28/05",1974,3
"819",842,17,"4/C","11/21/05",1981,3
"820",843,17,"4/A","1/1/05",1971,5
"821",844,17,"4/C","8/5/05",1981,3
"822",845,17,"4/A","4/30/05",1987,3
"823",846,17,"4/A","6/1/05",1972,3
"824",847,17,"4/A","2/18/05",1983,5
"825",848,17,"4/B","11/1/05",1973,3
"826",849,17,"4/C","3/21/05",1979,4
"827",850,17,"4/B","4/14/05",1974,5
"828",851,17,"4/A","11/10/04",1980,5
"829",852,17,"4/A","12/7/05",1983,5
"830",853,17,"4/B","1/24/05",1986,2
"831",854,17,"4/C","2/15/05",1970,4
"832",855,17,"4/C","8/27/05",1985,3
"833",856,17,"4/A","1/19/05",1977,3
"834",857,17,"4/A","10/20/05",1978,5
"835",858,17,"4/C","12/19/05",1982,5
"836",859,17,"4/A","11/24/05",1976,5
"837",860,17,"4/A","8/4/04",1972,5
"838",861,17,"4/A","5/26/05",1965,5
"839",862,17,"4/A","10/15/04",1977,3
"840",863,17,"4/B","4/4/05",1983,5
"841",864,17,"4/B","12/19/05",1980,7
"842",865,17,"4/A","7/29/05",1979,3
"843",866,17,"4/C","10/22/05",1986,5
"844",867,17,"4/A","",1977,4
"845",868,17,"4/B","10/1/05",1970,5
"846",869,18,"4/C","12/6/05",1986,3
"847",871,18,"4/C","6/23/05",1968,3
"848",872,18,"4/C","1/5/05",1986,3
"849",873,18,"4/C","2/11/05",1986,5
"850",874,18,"4/A","9/12/05",1984,3
"851",875,18,"4/B","4/18/05",1977,5
"852",876,18,"4/A","11/4/05",1982,2
"853",877,18,"4/B","3/5/05",1980,5
"854",878,18,"4/A","10/7/05",1966,1
"855",879,18,"4/A","",1972,7
"856",880,18,"4/C","10/26/05",1985,5
"857",881,18,"4/C","2/3/05",1978,3
"858",882,18,"4/B","5/2/05",1973,4
"859",883,18,"4/C","1/24/04",1988,2
"860",884,18,"4/C","7/28/05",1977,2
"861",885,18,"4/A","11/5/05",1982,7
"862",886,18,"4/B","7/20/05",1985,4
"863",887,18,"4/B","11/7/05",1967,5
"864",888,18,"4/A","11/11/04",1983,5
"865",889,18,"4/A","12/4/04",1977,7
"866",890,18,"4/A","3/17/05",1982,3
"867",891,18,"4/C","9/25/05",1973,3
"868",892,18,"4/B","1/12/05",1985,4
"869",893,18,"4/B","2/7/05",1983,5
"870",894,18,"4/B","5/30/05",1983,3
"871",895,18,"4/C","11/10/05",1981,4
"872",896,18,"4/A","4/7/05",1975,2
"873",897,18,"4/A","9/11/05",1964,3
"874",898,18,"4/B","2/7/05",1970,3
"875",899,18,"4/A","7/9/05",1982,3
"876",900,18,"4/B","1/1/05",1970,6
"877",902,18,"4/C","1/1/05",1986,3
"878",903,18,"4/B","5/3/05",1977,3
"879",904,18,"4/A","9/30/05",1984,3
"880",905,18,"4/A","1/27/05",1968,3
"881",906,18,"4/A","5/12/05",1986,4
"882",907,18,"4/C","8/23/05",1950,5
"883",908,18,"4/B","3/24/05",1989,4
"884",909,20,"4/A","10/2/05",1981,3
"885",910,20,"4/C","6/11/05",1980,4
"886",911,20,"4/C","7/31/05",1974,3
"887",912,20,"4/B","5/26/05",1977,5
"888",913,20,"4/C","10/21/05",1984,4
"889",914,20,"4/B","7/31/05",1975,4
"890",915,20,"4/A","11/16/05",1979,5
"891",916,20,"4/A","4/7/04",1981,3
"892",917,20,"4/C","9/8/05",1983,3
"893",918,20,"4/B","1/20/05",1973,4
"894",919,20,"4/B","12/5/05",1982,5
"895",920,20,"4/B","3/28/05",1983,3
"896",921,20,"4/C","9/7/05",1980,3
"897",922,20,"4/A","1/28/05",1984,3
"898",923,20,"4/B","3/15/05",1983,3
"899",924,20,"4/C","6/22/05",1984,4
"900",925,20,"4/A","3/26/05",1979,2
"901",926,20,"4/B","1/1/05",1978,5
"902",927,20,"4/B","4/4/04",1981,6
"903",928,20,"4/A","3/1/05",1987,4
"904",930,20,"4/A","7/25/05",1983,5
"905",931,20,"4/A","2/25/05",1984,3
"906",932,20,"4/A","1/1/05",1981,3
"907",933,20,"4/A","9/1/05",1972,3
"908",934,20,"4/B","11/11/05",1976,5
"909",935,20,"4/B","7/20/05",1983,3
"910",936,20,"4/C","5/30/05",1985,5
"911",937,20,"4/A","10/14/04",1984,4
"912",938,20,"4/B","10/17/05",1983,2
"913",939,20,"4/B","6/21/05",1969,3
"914",940,20,"4/C","5/22/05",1967,4
"915",941,20,"4/A","7/19/05",1985,5
"916",942,20,"4/B","6/15/05",1974,7
"917",943,20,"4/A","2/16/05",1970,3
"918",944,20,"4/C","8/31/05",1985,4
"919",945,20,"4/A","9/11/04",1972,3
"920",946,20,"4/A","12/19/04",1980,5
"921",947,20,"4/A","4/9/05",1982,4
"922",948,20,"4/B","11/8/05",1982,5
"923",949,20,"4/B","9/21/05",1979,3
"924",950,20,"4/A","2/1/05",1979,3
"925",951,20,"4/C","6/3/05",1968,1
"926",952,20,"4/A","5/5/05",1972,3
"927",953,20,"4/B","3/25/05",1981,5
"928",954,20,"4/A","8/23/05",1979,5
"929",955,20,"4/B","9/20/05",1977,3
"930",956,20,"4/B","8/10/05",1980,3
"931",957,20,"4/A","3/6/05",1974,3
"932",958,20,"4/C","8/6/05",1987,3
"933",959,20,"4/C","1/1/05",1983,3
"934",960,20,"4/B","5/5/05",1971,4
"935",961,20,"4/B","10/31/05",1984,3
"936",962,20,"4/A","2/10/05",1987,5
"937",963,20,"4/B","9/18/05",1984,4
"938",964,20,"4/A","11/5/05",1984,3
"939",965,20,"4/B","5/1/05",1972,4
"940",966,20,"4/A","5/31/05",1970,4
"941",967,20,"4/C","",1980,3
"942",968,20,"4/A","11/28/05",1980,3
"943",969,20,"4/B","12/17/05",1973,4
"944",970,20,"4/C","1/1/05",1986,3
"945",971,20,"4/A","7/15/05",1976,3
"946",972,20,"4/B","12/8/05",1978,5
"947",973,20,"4/C","10/7/05",1987,5
"948",974,20,"4/B","2/22/05",1972,5
"949",975,20,"4/A","8/8/05",1971,3
"950",976,20,"4/B","12/12/05",1979,3
"951",977,20,"4/A","2/8/05",1971,6
"952",978,20,"4/A","6/29/05",1980,3
"953",979,20,"4/B","1/7/05",1979,3
"954",981,20,"4/B","6/8/05",1980,8
"955",982,20,"4/A","11/7/04",1980,3
"956",983,20,"4/C","5/1/05",1980,4
"957",984,20,"4/B","1/1/05",1981,3
"958",985,20,"4/A","4/4/05",1981,3
"959",986,20,"4/A","5/7/05",1976,3
"960",987,20,"4/B","8/3/05",1984,3
"961",988,20,"4/B","11/8/05",1979,5
"962",989,20,"4/A","1/17/05",1983,5
"963",990,20,"4/C","12/21/04",1979,5
"964",991,20,"4/B","3/30/05",1983,3
"965",992,20,"4/B","12/31/04",1965,3
"966",993,20,"4/B","8/26/05",1981,3
"967",994,20,"4/B","5/6/05",1976,4
"968",995,20,"4/C","1/17/05",1987,2
"969",996,20,"4/C","4/25/05",1972,3
"970",997,20,"4/A","2/7/05",1985,3
"971",998,20,"4/B","11/17/05",1972,3
"972",999,20,"4/B","4/6/05",1976,3
"973",1000,21,"4/B","7/27/05",1980,7
"974",1001,21,"4/A","7/11/05",1978,7
"975",1002,21,"4/A","3/24/05",1970,5
"976",1003,21,"4/A","11/17/05",1979,5
"977",1004,21,"4/B","3/22/05",1986,3
"978",1005,21,"4/C","5/27/05",1975,7
"979",1006,21,"4/C","",1975,3
"980",1007,21,"4/B","7/3/05",1977,5
"981",1008,21,"4/B","11/26/05",1982,7
"982",1009,21,"4/A","6/12/05",1970,7
"983",1010,21,"4/A","8/26/05",1982,7
"984",1011,21,"4/A","10/23/05",1979,5
"985",1012,21,"4/C","4/18/05",1972,7
"986",1013,21,"4/C","1/1/05",1978,7
"987",1014,21,"4/C","9/3/05",1986,5
"988",1015,21,"4/B","1/1/05",1977,7
"989",1016,21,"4/C","2/5/05",1980,5
"990",1017,21,"4/B","3/23/05",1975,7
"991",1018,21,"4/B","6/2/05",1971,6
"992",1019,21,"4/C","2/25/05",1975,3
"993",1020,21,"4/A","5/24/05",1974,7
"994",1021,21,"4/B","4/27/05",1971,5
"995",1022,21,"4/B","1/1/04",1978,5
"996",1023,21,"4/C","1/1/05",1971,5
"997",1024,21,"4/A","11/25/05",1979,5
"998",1025,21,"4/B","3/31/05",1969,7
"999",1026,21,"4/B","1/1/05",1974,7
"1000",1027,21,"4/B","1/16/05",1968,7
"1001",1028,21,"4/C","1/19/05",1979,7
"1002",1029,21,"4/A","5/19/05",1982,1
"1003",1031,21,"4/C","",1979,7
"1004",1032,21,"4/B","11/2/05",1976,3
"1005",1033,22,"4/B","6/18/05",1968,7
"1006",1034,22,"4/B","11/22/05",1977,7
"1007",1035,22,"4/B","1/1/05",1978,7
"1008",1036,22,"4/B","6/5/05",1975,7
"1009",1037,22,"4/B","",1970,8
"1010",1038,22,"4/C","7/27/05",1975,7
"1011",1039,22,"4/C","2/25/05",1975,7
"1012",1040,22,"4/C","1/1/05",1971,5
"1013",1041,22,"4/C","6/6/05",1975,7
"1014",1042,22,"4/C","1/1/05",1977,7
"1015",1043,22,"4/C","7/19/05",1975,7
"1016",1044,22,"4/C","6/7/05",1977,7
"1017",1045,22,"4/C","4/17/05",1978,7
"1018",1046,22,"4/D","3/12/05",1983,5
"1019",1047,22,"4/B","7/18/05",1972,8
"1020",1048,22,"4/D","6/24/05",1979,7
"1021",1049,22,"4/D","11/11/05",1981,5
"1022",1050,22,"4/D","10/22/05",1972,7
"1023",1051,22,"4/D","7/2/05",1972,7
"1024",1052,22,"4/B","",1972,7
"1025",1053,22,"4/B","5/27/05",1973,7
"1026",1054,22,"4/D","5/5/05",1977,7
"1027",1055,22,"4/D","5/5/05",1979,7
"1028",1056,22,"4/B","3/7/05",1970,7
"1029",1057,22,"4/C","8/1/05",1971,8
"1030",1058,22,"4/B","2/27/05",1976,7
"1031",1059,22,"4/C","6/28/05",1968,8
"1032",1060,22,"4/D","7/21/05",1977,5
"1033",1061,22,"4/D","8/24/05",1977,5
"1034",1062,22,"4/B","9/12/05",1975,6
"1035",1063,23,"4/C","6/4/05",1982,3
"1036",1064,23,"4/C","2/24/05",1967,4
"1037",1065,23,"4/A","8/24/05",1983,4
"1038",1066,23,"4/A","1/1/05",1967,3
"1039",1067,23,"4/B","9/19/05",1979,3
"1040",1068,23,"4/A","12/1/05",1977,1
"1041",1069,23,"4/B","4/23/05",1986,4
"1042",1070,23,"4/B","6/17/05",1979,2
"1043",1071,23,"4/B","10/25/04",1980,3
"1044",1072,23,"4/A","1/1/05",1978,3
"1045",1073,23,"4/A","",1982,7
"1046",1074,23,"4/A","11/21/04",1985,3
"1047",1075,23,"4/A","7/7/05",1987,3
"1048",1076,23,"4/C","7/22/05",1976,3
"1049",1077,23,"4/A","1/27/05",1972,3
"1050",1078,23,"4/A","8/10/05",1970,6
"1051",1079,23,"4/C","1/1/04",1970,3
"1052",1080,23,"4/C","1/1/05",1971,3
"1053",1081,23,"4/B","5/28/05",1980,3
"1054",1082,23,"4/C","1/1/05",1975,7
"1055",1083,23,"4/B","7/17/05",1980,3
"1056",1084,23,"4/A","11/19/04",1978,5
"1057",1085,23,"4/C","8/23/05",1980,5
"1058",1086,23,"4/C","4/21/05",1976,3
"1059",1087,23,"4/C","11/17/05",1977,5
"1060",1088,23,"4/C","10/7/05",1972,3
"1061",1089,23,"4/B","4/29/05",1973,3
"1062",1090,23,"4/A","12/12/04",1977,3
"1063",1091,23,"4/C","1/1/05",1981,5
"1064",1092,23,"4/C","6/25/05",1979,5
"1065",1093,23,"4/A","10/30/05",1980,3
"1066",1094,23,"4/A","1/14/05",1972,3
"1067",1095,23,"4/B","1/5/05",1980,3
"1068",1096,23,"4/A","10/5/05",1978,3
"1069",1097,23,"4/A","11/16/04",1981,5
"1070",1098,23,"4/C","4/21/05",1982,4
"1071",1099,23,"4/A","9/12/07",1986,3
"1072",1100,23,"4/C","10/18/04",1981,3
"1073",1101,23,"4/B","8/11/05",1988,3
"1074",1102,23,"4/B","6/30/05",1980,3
"1075",1103,23,"4/B","1/23/05",1987,3
"1076",1104,23,"4/A","5/28/05",1982,3
"1077",1105,23,"4/A","",1980,4
"1078",1106,23,"4/B","8/29/05",1981,3
"1079",1107,23,"4/C","8/18/05",1971,3
"1080",1108,23,"4/A","1/1/05",1982,1
"1081",1109,23,"4/A","6/9/05",1972,3
"1082",1110,23,"4/A","7/7/05",1985,4
"1083",1111,23,"4/B","11/3/05",1982,4
"1084",1113,24,"4/A","9/8/05",1972,5
"1085",1114,24,"4/D","1/1/05",1978,7
"1086",1115,24,"4/D","9/19/05",1978,7
"1087",1116,24,"4/B","9/14/04",1987,2
"1088",1117,24,"4/A","11/18/05",1973,7
"1089",1118,24,"4/A","4/13/05",1975,7
"1090",1119,24,"4/D","5/8/04",1980,7
"1091",1120,24,"4/A","9/27/05",1974,6
"1092",1121,24,"4/A","6/6/05",1984,4
"1093",1122,24,"4/E","12/4/05",1977,6
"1094",1123,24,"4/A","2/4/05",1984,5
"1095",1124,24,"4/A","8/29/05",1973,8
"1096",1125,24,"4/B","5/28/05",1980,5
"1097",1126,24,"4/D","2/3/05",1972,3
"1098",1127,24,"4/D","1/12/05",1986,4
"1099",1128,24,"4/E","8/25/05",1980,7
"1100",1129,24,"4/D","5/25/05",1985,3
"1101",1130,24,"4/D","7/3/05",1980,8
"1102",1131,24,"4/E","11/6/05",1986,5
"1103",1132,24,"4/E","11/19/05",1985,5
"1104",1133,24,"4/D","11/9/05",1980,7
"1105",1134,24,"4/E","9/6/05",1971,7
"1106",1135,24,"4/D","6/23/05",1980,7
"1107",1136,24,"4/A","11/22/05",1976,7
"1108",1137,24,"4/B","9/27/05",1975,7
"1109",1138,24,"4/B","4/9/05",1974,7
"1110",1139,24,"4/E","5/1/05",1970,3
"1111",1140,24,"4/B","4/10/05",1986,6
"1112",1141,24,"4/B","3/24/05",1971,8
"1113",1142,24,"4/A","6/7/05",1983,7
"1114",1143,24,"4/A","6/1/05",1975,6
"1115",1144,24,"4/E","11/3/05",1979,3
"1116",1145,24,"4/E","9/26/05",1966,7
"1117",1146,24,"4/E","10/25/05",1974,6
"1118",1147,24,"4/A","6/20/05",1977,3
"1119",1148,24,"4/B","6/25/05",1984,3
"1120",1149,25,"4/H","5/11/05",1981,5
"1121",1150,25,"4/I","5/18/05",1976,3
"1122",1151,25,"4/I","9/20/05",1986,3
"1123",1152,25,"4/G","4/12/05",1988,4
"1124",1153,25,"4/I","8/17/05",1985,3
"1125",1154,25,"4/G","3/25/05",1983,3
"1126",1155,25,"4/C","1/12/05",1984,3
"1127",1156,25,"4/C","7/12/05",1982,5
"1128",1157,25,"4/I","4/1/05",1981,3
"1129",1158,25,"4/I","7/12/05",1977,4
"1130",1159,25,"4/M","12/27/04",1981,5
"1131",1160,25,"4/O","4/17/05",1985,3
"1132",1161,25,"4/M","1/21/05",1984,3
"1133",1162,25,"4/O","1/31/05",1970,3
"1134",1163,25,"4/M","7/15/05",1981,3
"1135",1164,25,"4/O","5/10/05",1983,3
"1136",1165,25,"4/O","9/24/05",1984,3
"1137",1166,25,"4/O","9/24/05",1979,3
"1138",1167,25,"4/M","2/23/05",1985,5
"1139",1168,25,"4/M","1/1/05",1977,7
"1140",1169,25,"4/O","6/30/05",1984,5
"1141",1170,25,"4/O","6/5/05",1980,3
"1142",1171,25,"4/M","9/25/05",1977,3
"1143",1172,25,"4/O","1/17/05",1972,4
"1144",1173,25,"4/I","1/26/05",1981,3
"1145",1174,25,"4/I","7/7/05",1979,3
"1146",1175,25,"4/O","10/14/05",1977,1
"1147",1176,25,"4/H","7/8/05",1983,3
"1148",1177,25,"4/H","11/26/05",1976,4
"1149",1178,25,"4/O","11/19/05",1975,3
"1150",1179,25,"4/C","11/5/05",1983,3
"1151",1180,25,"4/M","5/12/04",1984,3
"1152",1181,25,"4/O","12/31/04",1968,3
"1153",1182,25,"4/E","1/1/05",1979,4
"1154",1183,25,"4/I","6/15/05",1977,3
"1155",1184,25,"4/H","6/6/05",1981,3
"1156",1185,25,"4/M","9/30/05",1982,5
"1157",1186,25,"4/H","1/1/05",1982,3
"1158",1187,25,"4/G","2/11/05",1972,3
"1159",1188,25,"4/H","1/1/05",1980,3
"1160",1189,25,"4/I","1/5/05",1973,2
"1161",1190,25,"4/I","9/22/05",1983,3
"1162",1191,25,"4/M","9/8/05",1976,3
"1163",1192,26,"4/A","5/9/05",1976,7
"1164",1193,26,"4/A","2/23/05",1970,7
"1165",1194,26,"4/A","5/5/05",1971,7
"1166",1195,26,"4/A","9/9/05",1979,7
"1167",1196,26,"4/A","1/3/05",1972,7
"1168",1197,26,"4/A","8/19/05",1974,7
"1169",1198,26,"4/A","12/15/05",1971,7
"1170",1199,26,"4/A","6/2/05",1976,7
"1171",1200,27,"4/B","6/30/05",1984,1
"1172",1201,27,"4/C","1/25/05",1975,4
"1173",1202,27,"4/A","4/21/05",1981,7
"1174",1203,27,"4/A","1/18/05",1969,6
"1175",1204,27,"4/A","1/5/05",1977,7
"1176",1205,27,"4/A","1/19/05",1977,8
"1177",1206,27,"4/A","8/10/05",1979,5
"1178",1207,27,"4/A","2/25/05",1979,7
"1179",1208,27,"4/A","8/31/05",1978,8
"1180",1209,27,"4/A","12/19/05",1973,6
"1181",1210,27,"4/A","3/31/05",1981,7
"1182",1211,27,"4/A","9/1/04",1977,8
"1183",1212,27,"4/B","8/17/05",1977,3
"1184",1213,27,"4/B","1/9/05",1973,7
"1185",1214,27,"4/B","5/24/05",1970,4
"1186",1215,27,"4/B","2/21/05",1971,7
"1187",1216,27,"4/B","6/27/05",1977,5
"1188",1217,27,"4/B","4/8/05",1976,8
"1189",1218,27,"4/B","6/12/05",1972,7
"1190",1219,27,"4/B","11/27/05",1977,6
"1191",1220,27,"4/B","5/11/05",1974,8
"1192",1221,27,"4/B","9/2/05",1982,5
"1193",1222,27,"4/B","4/7/05",1973,3
"1194",1223,27,"4/C","4/11/05",1972,4
"1195",1224,27,"4/C","3/9/04",1977,5
"1196",1226,27,"4/D","11/8/05",1973,5
"1197",1227,27,"4/D","12/8/04",1975,6
"1198",1228,27,"4/C","9/7/05",1983,4
"1199",1229,27,"4/C","9/16/05",1978,7
"1200",1230,27,"4/D","12/3/04",1977,7
"1201",1231,27,"4/D","11/22/05",1975,5
"1202",1232,27,"4/A","1/1/05",1969,8
"1203",1233,27,"4/C","2/12/05",1981,5
"1204",1234,28,"4/D","10/6/05",1980,7
"1205",1235,28,"4/C","9/29/05",1972,7
"1206",1236,28,"4/A","2/28/05",1972,7
"1207",1237,28,"4/A","3/22/05",1972,7
"1208",1238,28,"4/C","11/5/05",1972,7
"1209",1239,28,"4/A","1/14/05",1976,7
"1210",1240,28,"4/B","12/31/05",1972,7
"1211",1241,28,"4/C","2/28/05",1973,6
"1212",1242,28,"4/D","7/25/05",1972,5
"1213",1243,28,"4/C","1/13/05",1976,5
"1214",1244,28,"4/A","8/9/05",1980,6
"1215",1245,28,"4/D","6/9/05",1975,7
"1216",1246,28,"4/E","2/14/05",1975,7
"1217",1247,28,"4/C","1/27/05",1971,3
"1218",1248,28,"4/D","8/3/05",1965,7
"1219",1249,28,"4/D","5/16/05",1974,8
"1220",1250,28,"4/C","8/10/05",1983,5
"1221",1251,28,"4/D","3/19/05",1978,8
"1222",1252,28,"4/D","8/2/05",1971,7
"1223",1253,28,"4/A","5/19/05",1970,7
"1224",1254,28,"4/E","5/19/05",1976,5
"1225",1255,28,"4/C","",1980,7
"1226",1256,28,"4/E","7/5/05",1976,7
"1227",1257,28,"4/C","5/2/05",1977,7
"1228",1258,28,"4/E","8/8/05",1974,7
"1229",1259,28,"4/E","2/20/05",1979,7
"1230",1260,28,"4/A","6/24/05",1978,7
"1231",1261,28,"4/A","6/19/05",1977,7
"1232",1262,28,"4/B","12/8/04",1976,5
"1233",1263,28,"4/D","6/1/05",1977,6
"1234",1264,28,"4/A","8/27/05",1980,5
"1235",1265,28,"4/B","11/12/04",1974,6
"1236",1266,28,"4/D","4/18/05",1978,7
"1237",1267,28,"4/D","9/19/05",1978,7
"1238",1268,28,"4/A","3/19/05",1970,7
"1239",1269,30,"4/A","1/30/05",1980,5
"1240",1270,30,"4/B","1/2/05",1983,4
"1241",1271,30,"4/E","1/1/05",1982,3
"1242",1272,30,"4/D","1/1/05",1965,3
"1243",1273,30,"4/B","11/20/05",1978,7
"1244",1274,30,"4/B","3/16/05",1968,4
"1245",1275,30,"4/B","12/22/05",1981,5
"1246",1276,30,"4/D","6/1/05",1983,4
"1247",1277,30,"4/A","1/1/05",1977,7
"1248",1278,30,"4/D","1/1/05",1980,5
"1249",1279,30,"4/E","6/27/05",1982,5
"1250",1280,30,"4/A","7/20/05",1972,7
"1251",1281,30,"4/E","5/23/05",1969,7
"1252",1282,30,"4/B","8/20/05",1980,6
"1253",1283,30,"4/E","6/22/05",1976,6
"1254",1284,30,"4/B","8/16/05",1974,3
"1255",1285,30,"4/C","11/17/05",1968,7
"1256",1286,30,"4/A","10/28/04",1982,5
"1257",1287,30,"4/A","7/9/05",1978,7
"1258",1288,30,"4/A","8/18/05",1981,5
"1259",1289,30,"4/B","4/7/05",1974,7
"1260",1290,30,"4/A","2/3/05",1977,7
"1261",1292,30,"4/B","6/3/05",1985,5
"1262",1293,30,"4/A","1/1/05",1966,3
"1263",1294,30,"4/D","4/23/05",1972,7
"1264",1295,30,"4/E","5/15/05",1972,7
"1265",1296,30,"4/B","7/23/05",1970,7
"1266",1297,30,"4/B","1/1/05",1974,5
"1267",1298,30,"4/B","1/1/05",1978,7
"1268",1299,30,"4/A","7/29/05",1968,7
"1269",1300,31,"4/A","5/4/05",1987,5
"1270",1301,31,"4/A","11/6/05",1965,5
"1271",1302,31,"4/A","8/7/05",1983,7
"1272",1303,31,"4/B","7/8/05",1975,7
"1273",1304,31,"4/B","1/1/05",1982,7
"1274",1305,31,"4/B","4/3/05",1982,3
"1275",1306,31,"4/A","10/15/05",1972,4
"1276",1307,31,"4/B","1/19/05",1970,4
"1277",1308,31,"4/A","1/1/05",1975,8
"1278",1309,31,"4/A","9/21/05",1978,4
"1279",1310,31,"4/B","8/5/05",1981,5
"1280",1311,31,"4/B","4/18/05",1965,3
"1281",1312,32,"4/A","12/19/05",1981,3
"1282",1313,32,"4/A","5/25/05",1984,4
"1283",1314,32,"4/B","5/27/05",1979,5
"1284",1315,32,"4/A","6/4/05",1970,7
"1285",1316,32,"4/A","5/16/05",1981,5
"1286",1317,32,"4/B","1/18/05",1980,7
"1287",1318,32,"4/B","1/10/05",1975,8
"1288",1319,32,"4/B","8/5/05",1979,7
"1289",1320,32,"4/B","4/11/05",1977,7
"1290",1321,32,"4/B","9/18/05",1981,5
"1291",1322,32,"4/A","2/22/05",1968,5
"1292",1323,33,"4/B","2/4/05",1978,6
"1293",1324,33,"4/D","7/4/05",1971,7
"1294",1325,33,"4/C","12/7/05",1970,5
"1295",1326,33,"4/A","3/14/05",1984,5
"1296",1327,33,"4/E","8/14/05",1973,7
"1297",1328,33,"4/E","5/11/05",1965,7
"1298",1329,33,"4/E","12/7/04",1974,7
"1299",1330,33,"4/E","5/22/05",1974,7
"1300",1331,33,"4/A","5/29/05",1969,8
"1301",1332,33,"4/C","1/17/05",1970,7
"1302",1333,33,"4/B","9/28/05",1972,8
"1303",1334,33,"4/C","9/30/05",1976,7
"1304",1335,33,"4/D","5/6/05",1978,7
"1305",1336,33,"4/A","1/17/05",1967,6
"1306",1337,33,"4/D","3/24/05",1979,7
"1307",1339,33,"4/C","4/2/05",1979,7
"1308",1340,33,"4/D","6/2/05",1970,7
"1309",1341,33,"4/C","5/16/05",1974,6
"1310",1342,33,"4/A","7/12/05",1977,7
"1311",1343,33,"4/C","3/19/05",1971,7
"1312",1344,33,"4/C","4/13/05",1975,7
"1313",1345,33,"4/E","9/2/05",1980,5
"1314",1346,33,"4/D","",1978,7
"1315",1347,33,"4/E","8/31/05",1970,7
"1316",1348,33,"4/D","3/14/05",1964,7
"1317",1349,33,"4/D","1/1/05",1976,6
"1318",1350,33,"4/A","6/24/05",1974,8
"1319",1351,33,"4/A","7/16/05",1972,7
"1320",1352,33,"4/C","8/5/05",1975,7
"1321",1353,33,"4/E","5/16/05",1968,8
"1322",1354,33,"4/C","4/19/05",1965,5
"1323",1357,33,"4/B","7/3/05",1977,8
"1324",1358,33,"4/E","8/13/05",1981,7
"1325",1359,33,"4/F","11/4/04",1978,5
"1326",1360,33,"4/B","7/12/05",1978,8
"1327",1361,33,"4/D","3/5/05",1972,7
"1328",1362,33,"4/A","10/17/05",1974,7
"1329",1363,33,"4/A","5/20/05",1973,8
"1330",1364,33,"4/E","1/1/04",1973,7
"1331",1365,33,"4/B","10/23/04",1964,7
"1332",1366,33,"4/E","10/14/05",1966,7
"1333",1367,33,"4/A","3/8/05",1973,7
"1334",1368,33,"4/B","4/3/05",1977,3
"1335",1369,33,"4/B","1/1/05",1978,7
"1336",1370,33,"4/E","4/6/05",1967,7
"1337",1371,33,"4/A","1/1/05",1977,7
"1338",1372,33,"4/F","11/21/05",1978,7
"1339",1373,33,"4/F","3/19/05",1977,8
"1340",1374,33,"4/E","5/23/05",1978,7
"1341",1375,33,"4/C","7/19/05",1972,6
"1342",1376,33,"4/F","1/11/04",1977,8
"1343",1377,33,"4/F","4/27/05",1971,7
"1344",1378,33,"4/F","4/12/05",1976,7
"1345",1379,33,"4/F","7/30/05",1975,7
"1346",1380,33,"4/F","8/25/05",1974,6
"1347",1381,33,"4/F","1/1/05",1971,4
"1348",1382,33,"4/F","5/2/05",1975,7
"1349",1383,33,"4/F","1/8/05",1972,7
"1350",1384,33,"4/F","7/29/05",1971,5
"1351",1386,34,"4/A","2/25/04",1972,5
"1352",1387,34,"4/A","7/22/05",1975,5
"1353",1388,34,"4/A","7/9/05",1970,6
"1354",1389,34,"4/A","4/10/05",1975,8
"1355",1390,34,"4/A","5/29/05",1976,5
"1356",1391,34,"4/A","1/1/05",1968,7
"1357",1392,34,"4/A","6/14/05",1966,7
"1358",1393,34,"4/A","7/22/05",1978,5
"1359",1394,34,"4/A","2/12/05",1972,8
"1360",1395,34,"4/B","4/2/05",1984,5
"1361",1396,34,"4/B","7/26/05",1970,7
"1362",1397,34,"4/B","8/9/05",1980,6
"1363",1398,34,"4/A","4/4/05",1972,7
"1364",1399,35,"4/A","1/1/05",1976,7
"1365",1400,35,"4/D","7/12/05",1972,5
"1366",1401,35,"4/B","3/1/05",1979,4
"1367",1402,35,"4/A","9/18/05",1976,5
"1368",1403,35,"4/C","4/27/05",1984,5
"1369",1404,35,"4/D","5/27/05",1979,8
"1370",1405,35,"4/C","11/27/04",1977,8
"1371",1406,35,"4/B","10/24/05",1978,8
"1372",1407,35,"4/B","12/8/05",1975,3
"1373",1408,35,"4/D","6/7/05",1975,8
"1374",1409,35,"4/B","9/19/05",1979,7
"1375",1410,35,"4/C","8/11/05",1969,5
"1376",1411,35,"4/D","1/9/05",1981,7
"1377",1412,35,"4/B","9/1/05",1978,7
"1378",1413,35,"4/C","2/1/05",1979,7
"1379",1414,35,"4/C","8/1/05",1977,5
"1380",1415,35,"4/A","3/12/05",1975,7
"1381",1416,35,"4/B","7/4/05",1976,5
"1382",1417,35,"4/D","8/28/05",1981,7
"1383",1418,35,"4/D","1/1/05",1969,5
"1384",1419,35,"4/D","4/22/05",1979,7
"1385",1420,35,"4/D","9/27/05",1981,7
"1386",1421,35,"4/C","12/21/05",1982,5
"1387",1422,35,"4/A","3/8/05",1976,7
"1388",1423,36,"4/B","6/6/04",1980,8
"1389",1424,36,"4/B","5/28/05",1974,5
"1390",1425,36,"4/A","2/9/05",1972,8
"1391",1426,36,"4/B","8/18/05",1977,7
"1392",1427,36,"4/B","1/1/05",1978,7
"1393",1428,36,"4/B","6/20/05",1973,7
"1394",1429,36,"4/B","1/10/05",1969,7
"1395",1430,36,"4/B","8/14/05",1970,7
"1396",1431,36,"4/C","3/21/05",1978,7
"1397",1432,36,"4/C","10/5/05",1971,7
"1398",1433,36,"4/C","11/10/05",1979,5
"1399",1434,36,"4/D","5/2/05",1981,7
"1400",1435,36,"4/D","7/4/05",1977,5
"1401",1436,36,"4/D","10/28/05",1981,7
"1402",1437,36,"4/B","1/6/05",1978,7
"1403",1438,36,"4/D","7/17/05",1985,5
"1404",1439,36,"4/A","6/17/05",1982,3
"1405",1440,36,"4/C","10/15/05",1970,8
"1406",1441,36,"4/C","7/29/05",1981,7
"1407",1442,36,"4/D","10/5/05",1973,8
"1408",1443,37,"4/B","11/23/05",1982,3
"1409",1444,37,"4/B","2/10/05",1985,5
"1410",1445,37,"4/B","5/26/05",1986,4
"1411",1446,37,"4/B","8/4/05",1976,4
"1412",1448,37,"4/C","2/1/05",1982,3
"1413",1449,37,"4/B","2/23/05",1979,5
"1414",1450,37,"4/C","1/1/05",1982,5
"1415",1451,37,"4/B","",1985,3
"1416",1452,37,"4/C","9/1/05",1979,5
"1417",1453,37,"4/C","12/27/04",1983,4
"1418",1454,37,"4/C","1/9/05",1985,4
"1419",1455,37,"4/C","7/20/05",1982,4
"1420",1456,37,"4/C","3/15/05",1981,5
"1421",1457,37,"4/C","3/16/05",1984,4
"1422",1458,37,"4/C","1/2/05",1979,4
"1423",1460,37,"4/C","4/26/04",1983,3
"1424",1461,37,"4/C","4/8/05",1975,4
"1425",1462,37,"4/C","6/15/05",1979,3
"1426",1463,37,"4/C","4/19/05",1980,3
"1427",1464,37,"4/C","12/8/05",1976,4
"1428",1465,37,"4/B","6/2/04",1978,5
"1429",1466,37,"4/A","1/14/05",1980,3
"1430",1467,37,"4/B","3/5/05",1982,3
"1431",1468,37,"4/B","1/1/05",1966,6
"1432",1469,37,"4/B","3/27/05",1971,3
"1433",1470,37,"4/C","7/8/05",1986,5
"1434",1471,37,"4/A","12/17/04",1980,5
"1435",1472,37,"4/B","10/16/05",1978,5
"1436",1473,37,"4/C","12/23/04",1989,3
"1437",1474,37,"4/A","10/21/05",1981,5
"1438",1475,37,"4/B","5/12/05",1980,5
"1439",1476,37,"4/A","5/22/05",1982,3
"1440",1477,37,"4/C","3/28/05",1979,3
"1441",1478,37,"4/A","7/31/05",1981,4
"1442",1479,37,"4/C","7/6/05",1979,3
"1443",1480,37,"4/A","6/14/05",1979,5
"1444",1481,37,"4/A","5/16/05",1978,7
"1445",1482,37,"4/A","1/27/05",1980,5
"1446",1483,37,"4/A","12/27/05",1980,3
"1447",1484,37,"4/C","11/9/05",1977,5
"1448",1485,37,"4/A","5/27/05",1977,5
"1449",1486,37,"4/A","1/20/05",1977,5
"1450",1487,37,"4/B","9/2/05",1980,3
"1451",1488,37,"4/A","5/19/05",1979,5
"1452",1489,37,"4/A","1/6/05",1981,3
"1453",1490,37,"4/A","9/22/05",1982,3
"1454",1491,37,"4/A","4/30/04",1972,3
"1455",1492,37,"4/A","9/26/05",1979,5
"1456",1493,37,"4/B","1/1/05",1975,4
"1457",1494,37,"4/A","1/1/05",1976,3
"1458",1495,37,"4/A","10/15/05",1981,4
"1459",1496,37,"4/A","6/1/05",1981,4
"1460",1497,37,"4/B","3/9/05",1982,5
"1461",1498,37,"4/B","9/30/05",1984,4
"1462",1499,38,"4/B","2/2/05",1980,5
"1463",1500,38,"4/C","5/29/05",1972,5
"1464",1501,38,"4/D","5/8/05",1985,5
"1465",1502,38,"4/D","1/1/05",1973,3
"1466",1503,38,"4/D","11/23/05",1983,5
"1467",1504,38,"4/D","2/8/05",1972,5
"1468",1505,38,"4/D","1/29/05",1984,5
"1469",1506,38,"4/D","6/8/05",1979,7
"1470",1507,38,"4/D","11/23/05",1981,2
"1471",1508,38,"4/D","6/12/05",1975,5
"1472",1509,38,"4/D","7/22/05",1978,5
"1473",1510,38,"4/D","1/13/05",1974,8
"1474",1511,38,"4/D","7/23/05",1970,6
"1475",1512,38,"4/B","11/6/04",1985,3
"1476",1513,38,"4/B","1/22/05",1980,4
"1477",1515,38,"4/C","2/17/05",1983,5
"1478",1516,38,"4/C","7/1/05",1977,5
"1479",1517,38,"4/C","1/1/05",1983,5
"1480",1518,38,"4/C","4/21/05",1977,3
"1481",1519,38,"4/C","6/18/05",1978,7
"1482",1520,38,"4/C","4/16/05",1982,3
"1483",1521,38,"4/B","6/17/05",1969,7
"1484",1522,38,"4/D","8/3/05",1982,5
"1485",1523,38,"4/C","2/22/05",1977,5
"1486",1524,38,"4/D","4/30/04",1972,5
"1487",1525,38,"4/C","12/2/05",1982,3
"1488",1526,38,"4/C","1/1/04",1966,3
"1489",1527,38,"4/B","1/25/05",1983,5
"1490",1528,39,"4/K","11/15/05",1982,4
"1491",1530,39,"4/A","10/11/05",1973,5
"1492",1531,39,"4/A","7/10/05",1979,3
"1493",1532,39,"4/A","8/17/05",1980,8
"1494",1533,39,"4/A","11/8/05",1978,3
"1495",1534,39,"4/A","12/23/04",1980,5
"1496",1536,39,"4/K","6/5/05",1970,3
"1497",1537,39,"4/J","12/24/04",1988,3
"1498",1538,39,"4/B","6/14/05",1981,3
"1499",1540,39,"4/K","4/27/05",1983,5
"1500",1541,39,"4/A","8/21/05",1979,3
"1501",1542,39,"4/B","7/4/05",1977,5
"1502",1543,39,"4/B","9/1/05",1988,3
"1503",1544,39,"4/A","3/2/05",1976,3
"1504",1545,39,"4/A","4/25/05",1981,5
"1505",1546,39,"4/K","7/30/05",1968,2
"1506",1547,39,"4/B","10/3/05",1985,5
"1507",1548,39,"4/K","8/15/05",1975,3
"1508",1549,39,"4/J","9/19/05",1978,5
"1509",1550,39,"4/A","4/13/05",1985,5
"1510",1551,39,"4/J","1/1/05",1985,5
"1511",1552,39,"4/A","11/9/05",1980,3
"1512",1553,39,"4/J","4/25/05",1984,3
"1513",1554,39,"4/J","12/6/05",1981,3
"1514",1555,39,"4/J","6/15/05",1983,3
"1515",1556,39,"4/J","3/1/05",1982,3
"1516",1557,39,"4/K","3/12/05",1988,5
"1517",1558,39,"4/J","5/8/05",1980,3
"1518",1559,39,"4/J","1/1/05",1978,5
"1519",1560,39,"4/K","4/28/05",1973,5
"1520",1561,39,"4/K","7/16/05",1985,5
"1521",1562,39,"4/J","1/1/05",1975,3
"1522",1563,39,"4/K","2/15/05",1969,4
"1523",1564,39,"4/J","10/17/05",1979,3
"1524",1565,39,"4/A","9/8/05",1983,7
"1525",1566,39,"4/K","12/18/04",1982,4
"1526",1567,39,"4/A","1/18/05",1980,5
"1527",1568,39,"4/K","1/1/05",1975,5
"1528",1569,39,"4/J","7/8/05",1983,4
"1529",1570,39,"4/J","11/18/05",1988,3
"1530",1571,39,"4/J","12/2/05",1974,3
"1531",1572,39,"4/K","5/23/05",1973,5
"1532",1573,39,"4/K","",1973,2
"1533",1574,39,"4/K","7/22/05",1975,5
"1534",1575,39,"4/J","2/22/05",1985,5
"1535",1576,39,"4/K","1/1/05",1970,4
"1536",1577,39,"4/J","5/20/05",1984,3
"1537",1578,39,"4/A","7/12/05",1983,4
"1538",1579,39,"4/K","2/1/05",1984,5
"1539",1580,39,"4/J","1/7/05",1974,4
"1540",1581,39,"4/J","9/7/05",1980,5
"1541",1582,39,"4/J","11/10/05",1974,7
"1542",1583,39,"4/K","5/28/05",1978,4
"1543",1584,39,"4/K","10/14/05",1969,3
"1544",1585,39,"4/K","4/4/05",1982,5
"1545",1586,39,"4/?","1/7/05",1984,3
"1546",1587,39,"4/A","6/24/05",1979,5
"1547",1588,39,"4/A","1/1/05",1985,3
"1548",1589,39,"4/A","3/1/05",1985,4
"1549",1590,39,"4/A","3/25/05",1972,3
"1550",1592,39,"4/A","8/5/05",1962,3
"1551",1593,39,"4/A","2/28/05",1978,5
"1552",1594,39,"4/B","4/12/05",1979,1
"1553",1595,39,"4/A","8/10/05",1982,5
"1554",1596,39,"4/A","7/14/05",1979,4
"1555",1597,39,"4/B","1/1/05",1983,4
"1556",1598,39,"4/B","7/1/05",1982,2
"1557",1599,39,"4/K","8/8/05",1983,3
"1558",1600,39,"4/A","2/28/05",1980,7
"1559",1601,39,"4/?","1/1/05",1979,3
"1560",1602,39,"4/B","2/3/05",1982,2
"1561",1603,39,"4/B","4/6/05",1969,3
"1562",1604,39,"4/?","9/7/05",1985,1
"1563",1605,39,"4/A","8/19/05",1981,3
"1564",1606,39,"4/A","1/1/05",1981,3
"1565",1608,39,"4/K","10/7/05",1985,3
"1566",1609,39,"4/A","",1986,3
"1567",1610,39,"4/J","3/7/05",1979,4
"1568",1611,39,"4/B","1/20/05",1986,3
"1569",1612,39,"4/B","10/26/04",1975,8
"1570",1613,39,"4/B","12/3/04",1977,5
"1571",1614,40,"4/E","5/27/05",1968,7
"1572",1615,40,"4/B","8/3/05",1983,5
"1573",1616,40,"4/B","11/18/05",1970,7
"1574",1617,40,"4/E","1/9/05",1975,7
"1575",1618,40,"4/D","9/18/05",1974,7
"1576",1619,40,"4/B","4/14/04",1981,5
"1577",1620,40,"4/A","4/8/05",1983,6
"1578",1621,40,"4/A","9/27/05",1979,7
"1579",1622,40,"4/C","5/28/05",1981,5
"1580",1623,40,"4/C","10/15/05",1968,7
"1581",1624,40,"4/E","4/20/05",1978,7
"1582",1625,40,"4/E","4/12/05",1976,7
"1583",1626,40,"4/B","5/24/05",1978,5
"1584",1627,40,"4/A","6/25/05",1979,5
"1585",1628,40,"4/C","1/17/05",1976,6
"1586",1629,40,"4/A","10/29/05",1974,7
"1587",1630,40,"4/A","6/11/05",1977,7
"1588",1631,40,"4/B","3/21/05",1973,7
"1589",1632,40,"4/B","9/19/05",1980,6
"1590",1633,40,"4/E","11/21/05",1977,5
"1591",1634,40,"4/E","4/2/05",1970,7
"1592",1635,40,"4/C","10/12/05",1976,7
"1593",1636,40,"4/A","1/1/05",1976,7
"1594",1637,40,"4/E","3/10/05",1972,6
"1595",1638,40,"4/B","11/11/04",1984,3
"1596",1639,40,"4/C","3/7/05",1971,6
"1597",1640,40,"4/A","11/1/05",1977,8
"1598",1641,40,"4/D","1/1/05",1969,7
"1599",1642,40,"4/A","9/28/05",1973,7
"1600",1643,40,"4/E","6/4/05",1975,7
"1601",1644,40,"4/A","4/25/05",1979,7
"1602",1645,40,"4/B","9/26/05",1976,7
"1603",1646,40,"4/B","4/12/05",1979,6
"1604",1647,40,"4/B","6/5/05",1979,7
"1605",1648,40,"4/B","1/1/05",1969,5
"1606",1649,40,"4/B","6/22/05",1981,4
"1607",1650,40,"4/B","11/15/05",1978,7
"1608",1651,40,"4/B","8/19/05",1968,2
"1609",1652,40,"4/B","4/4/04",1973,5
"1610",1653,40,"4/B","6/8/05",1966,5
"1611",1654,40,"4/B","",1966,8
"1612",1655,40,"4/B","7/21/05",1975,7
"1613",1656,40,"4/C","1/1/05",1973,3
"1614",1657,40,"4/C","3/24/05",1983,6
"1615",1658,40,"4/B","5/31/05",1983,6
"1616",1659,40,"4/C","10/19/05",1978,6
"1617",1660,40,"4/D","4/26/05",1980,3
"1618",1661,40,"4/D","12/26/05",1974,7
"1619",1662,40,"4/B","11/4/05",1976,6
"1620",1663,40,"4/E","4/19/05",1975,7
"1621",1664,40,"4/A","4/27/05",1976,7
"1622",1665,40,"4/D","3/21/05",1977,6
"1623",1666,40,"4/E","8/27/05",1978,8
"1624",1667,40,"4/E","7/19/05",1973,7
"1625",1668,40,"4/E","5/2/05",1980,6
"1626",1669,40,"4/E","1/26/05",1979,7
"1627",1670,40,"4/E","1/13/05",1975,7
"1628",1671,40,"4/E","6/23/05",1977,5
"1629",1672,40,"4/E","5/17/05",1969,5
"1630",1673,40,"4/B","3/2/05",1979,7
"1631",1674,40,"4/E","12/4/05",1972,8
"1632",1675,40,"4/E","3/31/05",1971,7
"1633",1676,40,"4/D","1/22/05",1973,8
"1634",1677,40,"4/C","6/12/05",1978,7
"1635",1678,40,"4/A","1/30/05",1980,3
"1636",1679,40,"4/B","5/27/05",1976,5
"1637",1680,40,"4/E","7/5/05",1984,5
"1638",1681,40,"4/A","10/28/05",1975,3
"1639",1682,40,"4/B","8/7/05",1970,5
"1640",1683,40,"4/E","7/5/05",1982,3
"1641",1684,40,"4/A","4/11/05",1972,6
"1642",1685,40,"4/D","10/21/05",1978,5
"1643",1686,40,"4/C","10/21/05",1976,5
"1644",1687,40,"4/A","7/5/05",1969,6
"1645",1688,40,"4/D","10/15/05",1975,5
"1646",1689,40,"4/E","4/6/05",1980,6
"1647",1690,40,"4/B","3/4/05",1979,5
"1648",1691,40,"4/D","11/11/05",1978,5
"1649",1692,40,"4/E","1/1/05",1985,3
"1650",1693,41,"4/C","11/26/05",1984,3
"1651",1694,41,"4/D","6/28/05",1974,3
"1652",1695,41,"4/D","9/1/05",1978,5
"1653",1696,41,"4/D","1/1/05",1981,5
"1654",1697,41,"4/B","4/19/05",1979,5
"1655",1698,41,"4/D","3/27/05",1982,5
"1656",1699,41,"4/E","8/19/05",1973,3
"1657",1700,41,"4/D","5/5/05",1982,4
"1658",1701,41,"4/D","6/21/05",1988,4
"1659",1702,41,"4/D","4/19/05",1984,3
"1660",1703,41,"4/D","7/31/05",1977,5
"1661",1704,41,"4/E","1/1/05",1972,4
"1662",1705,41,"4/D","5/30/05",1972,3
"1663",1706,41,"4/E","2/2/05",1982,5
"1664",1707,41,"4/E","4/1/05",1983,5
"1665",1708,41,"4/E","10/5/05",1983,3
"1666",1709,41,"4/E","2/14/05",1983,3
"1667",1710,41,"4/E","2/21/05",1982,5
"1668",1711,41,"4/E","1/21/05",1975,3
"1669",1712,41,"4/E","4/18/05",1983,3
"1670",1713,41,"4/E","6/1/05",1983,5
"1671",1714,41,"4/E","5/1/05",1982,4
"1672",1715,41,"4/E","5/2/05",1972,5
"1673",1716,41,"4/D","3/26/05",1980,3
"1674",1717,41,"4/E","2/1/05",1979,4
"1675",1718,41,"4/A","3/5/05",1979,5
"1676",1719,41,"4/E","9/1/05",1985,5
"1677",1720,41,"4/E","4/28/05",1982,3
"1678",1721,41,"4/E","1/1/05",1977,7
"1679",1722,41,"4/E","1/24/05",1982,5
"1680",1723,41,"4/E","1/1/05",1981,3
"1681",1724,41,"4/E","9/1/04",1970,4
"1682",1725,41,"4/E","11/4/05",1984,5
"1683",1726,41,"4/A","10/17/04",1977,4
"1684",1727,41,"4/D","9/29/05",1984,4
"1685",1728,41,"4/C","12/26/04",1978,4
"1686",1729,41,"4/E","9/16/05",1980,7
"1687",1730,41,"4/E","9/16/04",1965,2
"1688",1731,41,"4/E","11/1/04",1985,5
"1689",1732,41,"4/A","4/23/05",1971,5
"1690",1733,41,"4/E","1/19/05",1975,3
"1691",1734,41,"4/A","1/7/05",1976,4
"1692",1735,41,"4/D","7/27/05",1973,4
"1693",1736,41,"4/A","6/1/05",1983,5
"1694",1738,41,"4/A","8/23/05",1980,4
"1695",1739,41,"4/A","6/29/05",1973,7
"1696",1740,41,"4/B","4/16/05",1980,3
"1697",1741,41,"4/E","8/1/05",1984,3
"1698",1742,41,"4/B","1/1/05",1983,3
"1699",1743,41,"4/B","",1980,4
"1700",1744,41,"4/A","1/16/05",1982,7
"1701",1745,41,"4/E","1/1/05",1988,3
"1702",1746,41,"4/C","1/1/04",1986,4
"1703",1747,41,"4/A","10/1/05",1981,5
"1704",1748,41,"4/A","6/16/05",1982,5
"1705",1749,41,"4/A","5/21/05",1981,7
"1706",1750,41,"4/A","9/26/05",1980,3
"1707",1751,41,"4/A","2/18/05",1980,5
"1708",1752,41,"4/A","10/10/05",1981,3
"1709",1753,41,"4/C","5/25/04",1985,5
"1710",1754,41,"4/A","3/27/05",1970,3
"1711",1755,41,"4/A","1/1/05",1971,5
"1712",1756,41,"4/A","6/15/05",1978,5
"1713",1757,41,"4/B","1/1/05",1975,3
"1714",1758,41,"4/A","1/1/05",1985,5
"1715",1759,41,"4/C","10/10/05",1979,5
"1716",1760,41,"4/A","12/18/05",1982,7
"1717",1761,41,"4/B","",1978,5
"1718",1762,41,"4/C","6/14/05",1981,3
"1719",1763,41,"4/D","6/4/05",1978,5
"1720",1764,41,"4/B","7/9/05",1971,3
"1721",1765,41,"4/B","4/20/05",1982,3
"1722",1766,41,"4/B","12/14/05",1981,5
"1723",1767,41,"4/B","1/1/05",1983,7
"1724",1768,41,"4/B","12/9/05",1980,5
"1725",1769,41,"4/B","1/5/05",1982,6
"1726",1770,41,"4/B","8/5/05",1970,4
"1727",1771,41,"4/B","10/14/05",1965,5
"1728",1772,41,"4/B","10/2/05",1981,5
"1729",1773,41,"4/B","1/1/05",1981,3
"1730",1774,41,"4/B","11/21/04",1986,3
"1731",1775,41,"4/B","7/29/05",1973,5
"1732",1776,41,"4/B","10/12/05",1972,5
"1733",1777,41,"4/B","4/15/05",1983,3
"1734",1778,41,"4/B","1/1/05",1978,5
"1735",1779,41,"4/B","11/14/05",1982,4
"1736",1780,41,"4/B","6/13/05",1976,4
"1737",1781,41,"4/B","1/1/05",1986,5
"1738",1782,41,"4/C","11/9/05",1980,5
"1739",1783,41,"4/E","1/20/05",1983,3
"1740",1784,41,"4/C","6/6/05",1984,5
"1741",1785,41,"4/A","6/30/05",1982,3
"1742",1786,41,"4/C","4/15/05",1978,5
"1743",1787,41,"4/B","4/6/05",1983,4
"1744",1788,41,"4/C","4/22/05",1986,5
"1745",1789,41,"4/C","5/20/05",1976,3
"1746",1790,41,"4/C","1/1/05",1975,5
"1747",1791,41,"4/C","2/15/05",1980,3
"1748",1792,41,"4/C","10/7/05",1973,3
"1749",1793,41,"4/E","6/22/05",1984,5
"1750",1794,41,"4/C","5/29/05",1971,5
"1751",1795,41,"4/B","12/2/04",1978,5
"1752",1796,41,"4/D","12/12/05",1984,5
"1753",1797,41,"4/C","2/24/05",1979,5
"1754",1798,41,"4/A","5/20/05",1972,6
"1755",1799,41,"4/C","",1981,5
"1756",1800,41,"4/C","11/29/05",1983,4
"1757",1801,41,"4/C","11/2/05",1984,4
"1758",1802,41,"4/A","9/24/05",1973,7
"1759",1803,41,"4/B","9/9/05",1987,4
"1760",1804,41,"4/B","6/15/05",1983,3
"1761",1805,41,"4/D","5/28/05",1982,5
"1762",1806,41,"4/C","2/27/05",1980,5
"1763",1807,41,"4/D","4/19/05",1979,5
"1764",1808,41,"4/D","1/5/05",1980,5
"1765",1809,41,"4/D","1/1/05",1984,7
"1766",1810,41,"4/B","2/18/05",1982,4
"1767",1811,41,"4/E","1/1/04",1977,7
"1768",1812,41,"4/D","9/15/05",1973,5
"1769",1813,41,"4/B","8/15/05",1984,3
"1770",1814,42,"4/B","9/6/05",1967,8
"1771",1815,42,"4/B","2/24/05",1974,5
"1772",1816,42,"4/B","4/23/05",1972,6
"1773",1817,42,"4/B","3/1/05",1973,4
"1774",1818,42,"4/B","2/26/05",1983,1
"1775",1819,42,"4/B","1/1/05",1975,4
"1776",1820,42,"4/B","7/7/05",1974,3
"1777",1821,42,"4/B","4/11/05",1972,7
"1778",1822,42,"4/B","8/25/05",1970,5
"1779",1823,42,"4/B","5/5/05",1973,6
"1780",1824,43,"4/C","10/8/05",1979,4
"1781",1826,43,"4/B","1/1/05",1968,3
"1782",1827,43,"4/E","8/13/05",1972,5
"1783",1828,43,"4/E","8/8/05",1977,5
"1784",1829,43,"4/E","4/4/05",1975,6
"1785",1830,43,"4/C","7/11/05",1984,3
"1786",1831,43,"4/C","10/9/05",1973,4
"1787",1832,43,"4/A","1/1/05",1978,5
"1788",1833,43,"4/C","6/15/05",1983,3
"1789",1834,43,"4/E","11/8/05",1976,5
"1790",1835,43,"4/C","10/22/05",1985,3
"1791",1836,43,"4/B","",1986,5
"1792",1837,43,"4/C","9/24/05",1979,3
"1793",1838,43,"4/C","12/9/04",1969,3
"1794",1839,43,"4/D","2/14/05",1977,5
"1795",1840,43,"4/A","9/28/05",1986,3
"1796",1841,43,"4/E","8/13/05",1973,3
"1797",1842,43,"4/E","12/19/05",1979,3
"1798",1843,43,"4/E","2/10/05",1982,7
"1799",1844,43,"4/E","1/25/05",1983,5
"1800",1845,43,"4/E","3/10/05",1986,3
"1801",1846,43,"4/C","10/3/05",1979,2
"1802",1847,43,"4/E","6/20/05",1985,5
"1803",1848,43,"4/E","4/20/05",1972,5
"1804",1849,43,"4/E","4/29/05",1979,6
"1805",1850,43,"4/E","7/1/05",1978,3
"1806",1851,43,"4/E","8/16/05",1983,5
"1807",1852,43,"4/C","1/28/05",1980,5
"1808",1853,43,"4/D","7/21/05",1986,4
"1809",1854,43,"4/A","7/23/05",1979,5
"1810",1855,43,"4/C","8/29/05",1978,3
"1811",1856,43,"4/C","2/15/05",1981,5
"1812",1857,43,"4/D","2/6/05",1984,4
"1813",1858,43,"4/E","5/24/05",1978,3
"1814",1859,43,"4/C","2/21/05",1975,5
"1815",1860,43,"4/C","5/19/05",1984,4
"1816",1861,43,"4/E","6/22/04",1979,7
"1817",1862,43,"4/C","9/23/05",1974,3
"1818",1863,43,"4/C","1/1/05",1988,4
"1819",1864,43,"4/C","4/5/05",1985,3
"1820",1865,43,"4/A","3/2/05",1972,5
"1821",1866,43,"4/A","1/1/05",1985,5
"1822",1867,43,"4/E","8/26/05",1987,5
"1823",1868,43,"4/A","1/19/05",1982,3
"1824",1869,43,"4/A","8/29/05",1977,6
"1825",1870,43,"4/A","1/6/05",1981,3
"1826",1871,43,"4/A","3/25/05",1981,3
"1827",1872,43,"4/A","3/10/05",1986,1
"1828",1873,43,"4/E","11/1/05",1979,7
"1829",1874,43,"4/A","4/5/05",1981,3
"1830",1875,43,"4/A","10/11/05",1976,3
"1831",1876,43,"4/E","7/22/05",1982,5
"1832",1877,44,"4/D","12/15/04",1964,3
"1833",1878,44,"4/D","10/21/05",1966,5
"1834",1879,44,"4/D","3/17/05",1983,3
"1835",1880,44,"4/D","1/14/05",1979,3
"1836",1881,44,"4/D","1/25/05",1980,5
"1837",1882,44,"4/D","2/28/05",1981,3
"1838",1883,44,"4/D","5/27/05",1980,2
"1839",1884,44,"4/D","3/6/05",1983,3
"1840",1885,44,"4/D","5/20/05",1986,3
"1841",1886,44,"4/D","7/29/05",1979,5
"1842",1887,44,"4/D","2/18/05",1986,5
"1843",1888,44,"4/D","6/1/05",1982,2
"1844",1889,44,"4/D","1/25/05",1985,3
"1845",1890,44,"4/E","1/30/05",1987,4
"1846",1891,44,"4/B","11/9/05",1984,5
"1847",1892,44,"4/A","8/13/05",1977,3
"1848",1893,44,"4/E","",1981,4
"1849",1894,44,"4/E","8/6/05",1981,3
"1850",1895,44,"4/E","8/15/05",1982,3
"1851",1897,44,"4/A","3/30/05",1982,7
"1852",1898,44,"4/A","4/17/05",1967,7
"1853",1899,44,"4/A","12/22/05",1978,5
"1854",1900,44,"4/A","12/21/05",1977,4
"1855",1901,44,"4/B","5/9/05",1983,4
"1856",1902,44,"4/D","1/1/05",1980,4
"1857",1903,44,"4/A","5/5/05",1978,4
"1858",1904,44,"4/A","4/4/05",1970,6
"1859",1905,44,"4/A","1/1/05",1972,5
"1860",1906,44,"4/A","1/25/05",1981,3
"1861",1907,44,"4/E","5/27/05",1975,5
"1862",1908,44,"4/B","6/13/05",1976,6
"1863",1909,44,"4/B","5/17/05",1972,4
"1864",1910,44,"4/D","1/1/05",1986,2
"1865",1911,44,"4/B","7/2/05",1977,3
"1866",1912,44,"4/B","3/23/05",1978,6
"1867",1913,44,"4/B","6/15/05",1981,5
"1868",1914,44,"4/B","5/12/05",1981,4
"1869",1915,44,"4/C","6/25/05",1976,5
"1870",1916,44,"4/B","5/31/05",1983,3
"1871",1917,44,"4/B","2/12/04",1972,3
"1872",1918,44,"4/C","8/25/04",1976,3
"1873",1919,44,"4/C","12/17/04",1986,5
"1874",1920,44,"4/C","8/29/05",1979,3
"1875",1921,44,"4/C","1/16/05",1979,5
"1876",1922,44,"4/C","10/12/05",1982,4
"1877",1923,44,"4/C","11/29/05",1981,5
"1878",1924,44,"4/B","7/31/05",1987,3
"1879",1925,44,"4/C","6/7/05",1981,3
"1880",1926,44,"4/C","12/1/04",1979,5
"1881",1927,44,"4/E","4/2/05",1981,2
"1882",1928,44,"4/C","3/15/05",1979,2
"1883",1929,44,"4/C","1/1/05",1962,5
"1884",1930,44,"4/E","1/10/05",1983,3
"1885",1931,44,"4/C","4/29/05",1973,5
"1886",1932,44,"4/C","2/28/05",1973,5
"1887",1933,44,"4/C","2/6/05",1971,3
"1888",1934,44,"4/C","4/8/05",1979,5
"1889",1935,44,"4/C","4/11/05",1980,4
"1890",1936,44,"4/C","1/29/05",1976,4
"1891",1937,44,"4/C","5/6/05",1970,3
"1892",1938,44,"4/C","1/23/05",1983,3
"1893",1939,44,"4/C","5/9/05",1978,4
"1894",1941,45,"4/C","3/28/05",1967,5
"1895",1942,45,"4/C","12/16/05",1971,7
"1896",1943,45,"4/C","12/19/05",1972,7
"1897",1944,45,"4/C","6/4/05",1984,5
"1898",1945,45,"4/A","3/11/05",1969,5
"1899",1946,45,"4/A","1/4/05",1966,7
"1900",1947,45,"4/B","12/27/05",1973,8
"1901",1948,45,"4/A","10/9/05",1975,8
"1902",1949,45,"4/C","3/11/05",1977,7
"1903",1950,45,"4/A","5/23/05",1982,2
"1904",1951,45,"4/C","9/30/05",1976,7
"1905",1952,45,"4/A","1/1/04",1968,6
"1906",1953,45,"4/C","10/26/05",1973,8
"1907",1954,45,"4/B","3/14/05",1975,7
"1908",1955,45,"4/A","",1977,7
"1909",1956,45,"4/A","10/22/05",1972,3
"1910",1957,45,"4/C","12/11/05",1976,7
"1911",1958,45,"4/B","8/27/05",1982,7
"1912",1959,45,"4/A","2/25/05",1974,6
"1913",1960,45,"4/C","1/1/05",1977,3
"1914",1961,45,"4/A","5/5/05",1975,7
"1915",1962,45,"4/A","6/29/05",1975,3
"1916",1963,45,"4/B","5/12/05",1970,7
"1917",1964,45,"4/B","4/1/05",1972,7
"1918",1965,45,"4/C","5/19/05",1979,8
"1919",1966,45,"4/A","3/5/05",1966,7
"1920",1967,45,"4/C","1/14/05",1970,7
"1921",1968,45,"4/A","8/24/05",1970,5
"1922",1969,45,"4/B","1/10/05",1974,7
"1923",1970,45,"4/B","3/14/05",1978,7
"1924",1971,45,"4/B","1/1/05",1984,7
"1925",1972,45,"4/B","2/20/05",1977,5
"1926",1973,45,"4/C","10/27/04",1970,6
"1927",1974,45,"4/B","1/23/05",1979,7
"1928",1975,45,"4/A","9/12/05",1974,7
"1929",1976,45,"4/A","2/7/05",1983,5
"1930",1977,45,"4/A","11/14/05",1979,5
"1931",1978,45,"4/C","5/1/05",1974,5
"1932",1979,45,"4/B","5/19/05",1978,7
"1933",1980,45,"4/B","6/1/05",1978,3
"1934",1981,45,"4/B","7/10/05",1973,2
"1935",1982,45,"4/B","7/3/05",1965,6
"1936",1983,45,"4/B","3/9/05",1976,3
"1937",1984,45,"4/B","9/13/05",1979,5
"1938",1985,45,"4/C","6/29/05",1973,7
"1939",1986,45,"4/C","7/12/05",1966,7
"1940",1987,46,"4/B","10/15/05",1987,4
"1941",1988,46,"4/A","5/31/05",1981,2
"1942",1989,46,"4/B","6/12/05",1966,2
"1943",1990,46,"4/B","11/6/05",1978,3
"1944",1991,46,"4/B","3/15/05",1972,3
"1945",1992,46,"4/B","2/27/05",1977,1
"1946",1993,46,"4/A","9/2/05",1986,4
"1947",1994,46,"4/B","1/27/05",1976,3
"1948",1995,46,"4/B","3/2/05",1971,3
"1949",1996,46,"4/B","8/31/05",1981,3
"1950",1997,46,"4/B","2/22/05",1979,3
"1951",1998,46,"4/A","5/28/05",1976,3
"1952",1999,46,"4/B","9/1/05",1964,3
"1953",2000,46,"4/A","4/10/05",1987,3
"1954",2001,46,"4/C","8/14/05",1972,3
"1955",2002,46,"4/A","9/11/05",1982,3
"1956",2003,46,"4/C","12/8/05",1979,2
"1957",2005,46,"4/A","8/30/05",1973,1
"1958",2006,46,"4/C","10/23/04",1981,3
"1959",2007,46,"4/C","11/9/05",1980,3
"1960",2008,46,"4/B","5/2/05",1981,3
"1961",2009,46,"4/C","10/25/05",1974,3
"1962",2010,46,"4/A","4/30/05",1985,3
"1963",2011,46,"4/C","12/24/04",1975,3
"1964",2012,46,"4/B","1/13/05",1984,3
"1965",2013,46,"4/C","9/2/05",1974,3
"1966",2014,46,"4/C","8/17/05",1979,5
"1967",2015,46,"4/C","8/29/05",1985,3
"1968",2016,46,"4/C","9/21/05",1974,3
"1969",2017,46,"4/A","1/24/05",1982,3
"1970",2018,46,"4/B","5/9/05",1981,3
"1971",2020,46,"4/B","4/30/05",1987,4
"1972",2021,46,"4/B","9/5/05",1986,4
"1973",2022,46,"4/C","",1972,3
"1974",2023,47,"4/D","1/13/05",1982,3
"1975",2024,47,"4/D","5/15/05",1986,5
"1976",2025,47,"4/C","6/20/05",1982,3
"1977",2026,47,"4/A","5/15/05",1982,3
"1978",2028,47,"4/C","8/3/04",1973,3
"1979",2029,47,"4/C","11/18/05",1977,3
"1980",2031,47,"4/C","",1982,4
"1981",2032,47,"4/B","7/10/05",1985,3
"1982",2033,47,"4/B","3/29/05",1984,5
"1983",2034,47,"4/D","7/28/05",1976,3
"1984",2035,47,"4/B","1/1/05",1975,3
"1985",2036,47,"4/B","9/6/05",1977,2
"1986",2037,47,"4/B","5/11/05",1981,3
"1987",2038,47,"4/B","5/15/05",1968,7
"1988",2039,47,"4/C","7/6/05",1986,4
"1989",2040,47,"4/C","1/27/05",1975,3
"1990",2041,47,"4/D","6/16/05",1985,5
"1991",2042,47,"4/D","10/15/04",1969,3
"1992",2043,47,"4/C","6/12/05",1982,3
"1993",2044,47,"4/B","1/12/05",1983,5
"1994",2045,47,"4/D","3/25/05",1984,4
"1995",2046,47,"4/D","3/9/05",1982,3
"1996",2047,47,"4/D","3/29/05",1985,3
"1997",2048,47,"4/A","6/26/05",1980,4
"1998",2049,47,"4/D","8/29/05",1979,3
"1999",2050,47,"4/A","10/21/05",1978,5
"2000",2051,47,"4/C","8/25/05",1983,3
"2001",2052,47,"4/C","1/7/05",1986,4
"2002",2053,47,"4/C","7/11/05",1978,3
"2003",2054,47,"4/C","4/12/05",1985,3
"2004",2055,47,"4/C","1/17/05",1973,3
"2005",2056,47,"4/C","8/5/05",1971,3
"2006",2057,47,"4/A","10/1/05",1980,5
"2007",2058,47,"4/A","3/22/05",1979,4
"2008",2059,47,"4/D","6/22/05",1985,3
"2009",2060,47,"4/C","5/17/05",1989,4
"2010",2061,47,"4/A","12/31/05",1965,5
"2011",2062,47,"4/A","8/11/05",1986,3
"2012",2063,47,"4/D","1/1/05",1981,4
"2013",2064,47,"4/A","5/21/05",1981,2
"2014",2065,47,"4/A","8/25/05",1972,4
